[
{
  "model": "accounts.user",
  "pk": 1,
  "fields": {
    "password": "pbkdf2_sha256$720000$EnkeDXfdvpbRYNU3ef6snC$v+eER19dNX/RDSZ7I+Ddexij01edPoHzYC2nlOdLTI8=",
    "last_login": "2025-10-16T21:01:18Z",
    "is_superuser": true,
    "username": "akonray",
    "first_name": "akonray",
    "last_name": "ray",
    "email": "ray.covort@gmail.com",
    "is_staff": true,
    "is_active": true,
    "date_joined": "2025-10-16T20:35:27Z",
    "user_type": "admin",
    "phone": "",
    "address": "",
    "profile_picture": "",
    "groups": [],
    "user_permissions": [
      [
        "add_academicyear",
        "academics",
        "academicyear"
      ],
      [
        "change_academicyear",
        "academics",
        "academicyear"
      ],
      [
        "delete_academicyear",
        "academics",
        "academicyear"
      ],
      [
        "view_academicyear",
        "academics",
        "academicyear"
      ],
      [
        "add_class",
        "academics",
        "class"
      ],
      [
        "change_class",
        "academics",
        "class"
      ],
      [
        "delete_class",
        "academics",
        "class"
      ],
      [
        "view_class",
        "academics",
        "class"
      ],
      [
        "add_classsubject",
        "academics",
        "classsubject"
      ],
      [
        "change_classsubject",
        "academics",
        "classsubject"
      ],
      [
        "delete_classsubject",
        "academics",
        "classsubject"
      ],
      [
        "view_classsubject",
        "academics",
        "classsubject"
      ],
      [
        "add_subject",
        "academics",
        "subject"
      ],
      [
        "change_subject",
        "academics",
        "subject"
      ],
      [
        "delete_subject",
        "academics",
        "subject"
      ],
      [
        "view_subject",
        "academics",
        "subject"
      ],
      [
        "add_user",
        "accounts",
        "user"
      ],
      [
        "change_user",
        "accounts",
        "user"
      ],
      [
        "delete_user",
        "accounts",
        "user"
      ],
      [
        "view_user",
        "accounts",
        "user"
      ],
      [
        "add_logentry",
        "admin",
        "logentry"
      ],
      [
        "change_logentry",
        "admin",
        "logentry"
      ],
      [
        "delete_logentry",
        "admin",
        "logentry"
      ],
      [
        "view_logentry",
        "admin",
        "logentry"
      ],
      [
        "add_group",
        "auth",
        "group"
      ],
      [
        "change_group",
        "auth",
        "group"
      ],
      [
        "delete_group",
        "auth",
        "group"
      ],
      [
        "view_group",
        "auth",
        "group"
      ],
      [
        "add_permission",
        "auth",
        "permission"
      ],
      [
        "change_permission",
        "auth",
        "permission"
      ],
      [
        "delete_permission",
        "auth",
        "permission"
      ],
      [
        "view_permission",
        "auth",
        "permission"
      ],
      [
        "add_contenttype",
        "contenttypes",
        "contenttype"
      ],
      [
        "change_contenttype",
        "contenttypes",
        "contenttype"
      ],
      [
        "delete_contenttype",
        "contenttypes",
        "contenttype"
      ],
      [
        "view_contenttype",
        "contenttypes",
        "contenttype"
      ],
      [
        "add_homework",
        "parents",
        "homework"
      ],
      [
        "change_homework",
        "parents",
        "homework"
      ],
      [
        "delete_homework",
        "parents",
        "homework"
      ],
      [
        "view_homework",
        "parents",
        "homework"
      ],
      [
        "add_parent",
        "parents",
        "parent"
      ],
      [
        "change_parent",
        "parents",
        "parent"
      ],
      [
        "delete_parent",
        "parents",
        "parent"
      ],
      [
        "view_parent",
        "parents",
        "parent"
      ],
      [
        "add_session",
        "sessions",
        "session"
      ],
      [
        "change_session",
        "sessions",
        "session"
      ],
      [
        "delete_session",
        "sessions",
        "session"
      ],
      [
        "view_session",
        "sessions",
        "session"
      ],
      [
        "add_attendance",
        "students",
        "attendance"
      ],
      [
        "change_attendance",
        "students",
        "attendance"
      ],
      [
        "delete_attendance",
        "students",
        "attendance"
      ],
      [
        "view_attendance",
        "students",
        "attendance"
      ],
      [
        "add_grade",
        "students",
        "grade"
      ],
      [
        "change_grade",
        "students",
        "grade"
      ],
      [
        "delete_grade",
        "students",
        "grade"
      ],
      [
        "view_grade",
        "students",
        "grade"
      ],
      [
        "add_student",
        "students",
        "student"
      ],
      [
        "change_student",
        "students",
        "student"
      ],
      [
        "delete_student",
        "students",
        "student"
      ],
      [
        "view_student",
        "students",
        "student"
      ],
      [
        "add_teacher",
        "teachers",
        "teacher"
      ],
      [
        "change_teacher",
        "teachers",
        "teacher"
      ],
      [
        "delete_teacher",
        "teachers",
        "teacher"
      ],
      [
        "view_teacher",
        "teachers",
        "teacher"
      ]
    ]
  }
},
{
  "model": "accounts.user",
  "pk": 2,
  "fields": {
    "password": "pbkdf2_sha256$720000$BEpm84NuVnLnn6LPgSIr1n$N25z3xTuysLCXZZyi4EqL/K1tduu8rHialSn6QNvyXg=",
    "last_login": "2026-01-09T02:36:23.158Z",
    "is_superuser": true,
    "username": "admin",
    "first_name": "",
    "last_name": "",
    "email": "admin@school.com",
    "is_staff": true,
    "is_active": true,
    "date_joined": "2025-10-16T21:16:31.420Z",
    "user_type": "admin",
    "phone": "",
    "address": "",
    "profile_picture": "",
    "groups": [],
    "user_permissions": []
  }
},
{
  "model": "accounts.user",
  "pk": 3,
  "fields": {
    "password": "pbkdf2_sha256$720000$FmOoy4UbbIsNMdHPTpeEH6$E6aquDNhKwsbgyQaulRf+JxRG43qa2dMqgmEvz3uWs0=",
    "last_login": "2026-01-08T12:28:49.706Z",
    "is_superuser": false,
    "username": "teacher1",
    "first_name": "Kwame",
    "last_name": "Mensah",
    "email": "kwame.mensah@school.com",
    "is_staff": false,
    "is_active": true,
    "date_joined": "2026-01-08T12:25:53.523Z",
    "user_type": "teacher",
    "phone": "",
    "address": "",
    "profile_picture": "",
    "groups": [],
    "user_permissions": []
  }
},
{
  "model": "accounts.user",
  "pk": 4,
  "fields": {
    "password": "pbkdf2_sha256$720000$J9aGXL7UxKsHmNYmxqqamr$0Kn5y94UkrTu4E9dtP/ouJ2C6aUSLoeDsQj9xPkGzME=",
    "last_login": null,
    "is_superuser": false,
    "username": "teacher2",
    "first_name": "Akosua",
    "last_name": "Boateng",
    "email": "akosua.boateng@school.com",
    "is_staff": false,
    "is_active": true,
    "date_joined": "2026-01-08T12:25:54.027Z",
    "user_type": "teacher",
    "phone": "",
    "address": "",
    "profile_picture": "",
    "groups": [],
    "user_permissions": []
  }
},
{
  "model": "accounts.user",
  "pk": 5,
  "fields": {
    "password": "pbkdf2_sha256$720000$o2ca4bFv4WnsjVrzsQ5iQr$4tBmzIbTbok488NsT5xtvhqdwM/bO1gbntXred0ASmM=",
    "last_login": null,
    "is_superuser": false,
    "username": "teacher3",
    "first_name": "Kofi",
    "last_name": "Asante",
    "email": "kofi.asante@school.com",
    "is_staff": false,
    "is_active": true,
    "date_joined": "2026-01-08T12:25:54.456Z",
    "user_type": "teacher",
    "phone": "",
    "address": "",
    "profile_picture": "",
    "groups": [],
    "user_permissions": []
  }
},
{
  "model": "accounts.user",
  "pk": 6,
  "fields": {
    "password": "pbkdf2_sha256$720000$80qG29ER1VDi0SvGKnQ1Lx$bltWlfRmp29M+GGpptaf4OFiPYs6xLXgw2K+PPcIXVc=",
    "last_login": null,
    "is_superuser": false,
    "username": "student1",
    "first_name": "Ama",
    "last_name": "Owusu",
    "email": "ama.owusu@email.com",
    "is_staff": false,
    "is_active": true,
    "date_joined": "2026-01-08T12:25:55.292Z",
    "user_type": "student",
    "phone": "",
    "address": "",
    "profile_picture": "",
    "groups": [],
    "user_permissions": []
  }
},
{
  "model": "accounts.user",
  "pk": 7,
  "fields": {
    "password": "pbkdf2_sha256$720000$r8bU2yOjRDV4lglycLfDgq$9xbSlUXGbuyo599CQqi+GBZKcfCvbw1OHGfR8w+Gn3k=",
    "last_login": null,
    "is_superuser": false,
    "username": "student2",
    "first_name": "Kwabena",
    "last_name": "Osei",
    "email": "kwabena.osei@email.com",
    "is_staff": false,
    "is_active": true,
    "date_joined": "2026-01-08T12:25:55.765Z",
    "user_type": "student",
    "phone": "",
    "address": "",
    "profile_picture": "",
    "groups": [],
    "user_permissions": []
  }
},
{
  "model": "accounts.user",
  "pk": 8,
  "fields": {
    "password": "pbkdf2_sha256$720000$PPy1Jj2sNf7bs9Xv5x3adA$PX0hVijn/zG4e76Q+2LnVvtfHeZcqllUqw+GcVPdKHg=",
    "last_login": null,
    "is_superuser": false,
    "username": "student3",
    "first_name": "Abena",
    "last_name": "Agyeman",
    "email": "abena.agyeman@email.com",
    "is_staff": false,
    "is_active": true,
    "date_joined": "2026-01-08T12:25:56.237Z",
    "user_type": "student",
    "phone": "",
    "address": "",
    "profile_picture": "",
    "groups": [],
    "user_permissions": []
  }
},
{
  "model": "accounts.user",
  "pk": 9,
  "fields": {
    "password": "pbkdf2_sha256$720000$yBukXns3UEzn3OeWFfOb6c$qnSLmr3poMCOKikkKdzwP0UtCMxkuRS4l1LdErTcLBI=",
    "last_login": null,
    "is_superuser": false,
    "username": "student4",
    "first_name": "Yaw",
    "last_name": "Appiah",
    "email": "yaw.appiah@email.com",
    "is_staff": false,
    "is_active": true,
    "date_joined": "2026-01-08T12:25:56.693Z",
    "user_type": "student",
    "phone": "",
    "address": "",
    "profile_picture": "",
    "groups": [],
    "user_permissions": []
  }
},
{
  "model": "accounts.user",
  "pk": 10,
  "fields": {
    "password": "pbkdf2_sha256$720000$JBcQGFVxOjIDzM7AJzoWRr$Z5h4AFloQV7I7cS3PTqV6XeF7kOsRB94Y5p2AANN0yw=",
    "last_login": null,
    "is_superuser": false,
    "username": "student5",
    "first_name": "Efua",
    "last_name": "Nkrumah",
    "email": "efua.nkrumah@email.com",
    "is_staff": false,
    "is_active": true,
    "date_joined": "2026-01-08T12:25:57.158Z",
    "user_type": "student",
    "phone": "",
    "address": "",
    "profile_picture": "",
    "groups": [],
    "user_permissions": []
  }
},
{
  "model": "accounts.user",
  "pk": 11,
  "fields": {
    "password": "pbkdf2_sha256$720000$25XJegoK5dygv8iCAJII9k$Ok9r2/w8xnS6i9b77Fs3woaCc4qvMkzDj1uuUKBScSo=",
    "last_login": null,
    "is_superuser": false,
    "username": "student6",
    "first_name": "Kofi",
    "last_name": "Danquah",
    "email": "kofi.danquah@email.com",
    "is_staff": false,
    "is_active": true,
    "date_joined": "2026-01-08T12:25:57.668Z",
    "user_type": "student",
    "phone": "",
    "address": "",
    "profile_picture": "",
    "groups": [],
    "user_permissions": []
  }
},
{
  "model": "accounts.user",
  "pk": 12,
  "fields": {
    "password": "pbkdf2_sha256$720000$65G4xoSS7g9qRd3Pi1N7aq$JO98Y3F87fHW5/8+1HbxPKTJniqwb7ZSacl+YL9/HXc=",
    "last_login": null,
    "is_superuser": false,
    "username": "student7",
    "first_name": "Adwoa",
    "last_name": "Mensah",
    "email": "adwoa.mensah@email.com",
    "is_staff": false,
    "is_active": true,
    "date_joined": "2026-01-08T12:25:58.135Z",
    "user_type": "student",
    "phone": "",
    "address": "",
    "profile_picture": "",
    "groups": [],
    "user_permissions": []
  }
},
{
  "model": "accounts.user",
  "pk": 13,
  "fields": {
    "password": "pbkdf2_sha256$720000$Viz9ZeVGuJ7QLQLk0JW6Mp$WNcSK0ko3krfRWbyioP7AtqiCh3PojrX3mb3PYp5+7w=",
    "last_login": null,
    "is_superuser": false,
    "username": "student8",
    "first_name": "Kwame",
    "last_name": "Boakye",
    "email": "kwame.boakye@email.com",
    "is_staff": false,
    "is_active": true,
    "date_joined": "2026-01-08T12:25:58.641Z",
    "user_type": "student",
    "phone": "",
    "address": "",
    "profile_picture": "",
    "groups": [],
    "user_permissions": []
  }
},
{
  "model": "accounts.user",
  "pk": 14,
  "fields": {
    "password": "pbkdf2_sha256$720000$PJYPG9IlYwsWgswhFDvMWc$jBajQLkc3T8ml8CRJnwPXGbuNKKVIfkhi4jSMFnrRCM=",
    "last_login": null,
    "is_superuser": false,
    "username": "parent1",
    "first_name": "Samuel",
    "last_name": "Owusu",
    "email": "samuel.owusu@email.com",
    "is_staff": false,
    "is_active": true,
    "date_joined": "2026-01-08T12:26:00.235Z",
    "user_type": "parent",
    "phone": "",
    "address": "",
    "profile_picture": "",
    "groups": [],
    "user_permissions": []
  }
},
{
  "model": "accounts.user",
  "pk": 15,
  "fields": {
    "password": "pbkdf2_sha256$720000$K1nanuOirt4Rt6Kj8oN0Up$XeLfelcKjG5Pw/KwWVCfBGSbp8U6Xz9s3lmQ9H/WtVA=",
    "last_login": null,
    "is_superuser": false,
    "username": "parent2",
    "first_name": "Grace",
    "last_name": "Osei",
    "email": "grace.osei@email.com",
    "is_staff": false,
    "is_active": true,
    "date_joined": "2026-01-08T12:26:00.747Z",
    "user_type": "parent",
    "phone": "",
    "address": "",
    "profile_picture": "",
    "groups": [],
    "user_permissions": []
  }
},
{
  "model": "accounts.user",
  "pk": 16,
  "fields": {
    "password": "pbkdf2_sha256$720000$czq5cvXoW5aFdSDmGuq8oK$PES860mjs/xfYYEjm4KiEULIyh9Eutah+YSwIVD4hdw=",
    "last_login": null,
    "is_superuser": false,
    "username": "parent3",
    "first_name": "Joseph",
    "last_name": "Agyeman",
    "email": "joseph.agyeman@email.com",
    "is_staff": false,
    "is_active": true,
    "date_joined": "2026-01-08T12:26:01.267Z",
    "user_type": "parent",
    "phone": "",
    "address": "",
    "profile_picture": "",
    "groups": [],
    "user_permissions": []
  }
},
{
  "model": "accounts.user",
  "pk": 17,
  "fields": {
    "password": "pbkdf2_sha256$720000$yplcMfyjTVTt6Uq6qHMYYU$kQDaVo7zyw+08n0Y4JSzx3Zc5R8kvGmdbm9o6iSoccc=",
    "last_login": null,
    "is_superuser": false,
    "username": "abdulaifatina",
    "first_name": "Abdulai Fatina",
    "last_name": "",
    "email": "",
    "is_staff": false,
    "is_active": true,
    "date_joined": "2026-01-08T13:41:43.232Z",
    "user_type": "student",
    "phone": "",
    "address": "",
    "profile_picture": "",
    "groups": [],
    "user_permissions": []
  }
},
{
  "model": "accounts.user",
  "pk": 18,
  "fields": {
    "password": "pbkdf2_sha256$720000$DjJcZuoQZVDPbttlh5Z6Bc$FmJtmwQkw+tiqISWxUtlLQEyCYukd5bfvuYtmu5+WLM=",
    "last_login": null,
    "is_superuser": false,
    "username": "abdulaishams",
    "first_name": "Abdulai Shams",
    "last_name": "",
    "email": "",
    "is_staff": false,
    "is_active": true,
    "date_joined": "2026-01-08T13:41:43.674Z",
    "user_type": "student",
    "phone": "",
    "address": "",
    "profile_picture": "",
    "groups": [],
    "user_permissions": []
  }
},
{
  "model": "accounts.user",
  "pk": 19,
  "fields": {
    "password": "pbkdf2_sha256$720000$MIL8RWbfz6JHJlFJtBa4CG$jiWDEnkBEOS7JeaG+p94M8O+PZiUAE+N9gAw1WR3j4s=",
    "last_login": null,
    "is_superuser": false,
    "username": "mordecaiphilomina",
    "first_name": "Mordecai Philomina",
    "last_name": "",
    "email": "",
    "is_staff": false,
    "is_active": true,
    "date_joined": "2026-01-08T13:41:44.127Z",
    "user_type": "student",
    "phone": "",
    "address": "",
    "profile_picture": "",
    "groups": [],
    "user_permissions": []
  }
},
{
  "model": "accounts.user",
  "pk": 20,
  "fields": {
    "password": "pbkdf2_sha256$720000$F3woAqsUmioLem3JUJTBjH$PYB0cy2264OAHXHXmtfolO4yFYPbVrhOuqmEmZLn+g0=",
    "last_login": null,
    "is_superuser": false,
    "username": "ibrahimrahinatu",
    "first_name": "Ibrahim Rahinatu",
    "last_name": "",
    "email": "",
    "is_staff": false,
    "is_active": true,
    "date_joined": "2026-01-08T13:41:44.573Z",
    "user_type": "student",
    "phone": "",
    "address": "",
    "profile_picture": "",
    "groups": [],
    "user_permissions": []
  }
},
{
  "model": "accounts.user",
  "pk": 21,
  "fields": {
    "password": "pbkdf2_sha256$720000$OVxdR0bNKqXiBRBc6sOa51$kzsaYMG1F0t+vxTP+lg4tXaQOfK/3cpSITZHM7I+EW0=",
    "last_login": null,
    "is_superuser": false,
    "username": "iddrisuhafsat",
    "first_name": "Iddrisu Hafsat",
    "last_name": "",
    "email": "",
    "is_staff": false,
    "is_active": true,
    "date_joined": "2026-01-08T13:41:44.980Z",
    "user_type": "student",
    "phone": "",
    "address": "",
    "profile_picture": "",
    "groups": [],
    "user_permissions": []
  }
},
{
  "model": "accounts.user",
  "pk": 22,
  "fields": {
    "password": "pbkdf2_sha256$720000$vgOzSyhfvbVFDArFulttQe$JHeU4GmKrvKRmialQEV2Y0CJBnWPtD+poGlgYi8cUdw=",
    "last_login": null,
    "is_superuser": false,
    "username": "iddrisurahana",
    "first_name": "Iddrisu Rahana",
    "last_name": "",
    "email": "",
    "is_staff": false,
    "is_active": true,
    "date_joined": "2026-01-08T13:41:45.415Z",
    "user_type": "student",
    "phone": "",
    "address": "",
    "profile_picture": "",
    "groups": [],
    "user_permissions": []
  }
},
{
  "model": "accounts.user",
  "pk": 23,
  "fields": {
    "password": "pbkdf2_sha256$720000$P77EgclmgTnYM3ldikam0i$Lm2U7L9VLmrub1MyI7YpFcCgtQ29z5yM66mXSs5XVI0=",
    "last_login": null,
    "is_superuser": false,
    "username": "mohammedmusina",
    "first_name": "Mohammed Musina",
    "last_name": "",
    "email": "",
    "is_staff": false,
    "is_active": true,
    "date_joined": "2026-01-08T13:41:45.856Z",
    "user_type": "student",
    "phone": "",
    "address": "",
    "profile_picture": "",
    "groups": [],
    "user_permissions": []
  }
},
{
  "model": "accounts.user",
  "pk": 24,
  "fields": {
    "password": "pbkdf2_sha256$720000$x7tQRZjs2RovFPkEcGh7Kh$JbzOHjr1G7BZVsD2ERRt+LHK7CgOy3Ie7R/1UOXyago=",
    "last_login": null,
    "is_superuser": false,
    "username": "mohammedmufida",
    "first_name": "Mohammed Mufida",
    "last_name": "",
    "email": "",
    "is_staff": false,
    "is_active": true,
    "date_joined": "2026-01-08T13:41:46.287Z",
    "user_type": "student",
    "phone": "",
    "address": "",
    "profile_picture": "",
    "groups": [],
    "user_permissions": []
  }
},
{
  "model": "accounts.user",
  "pk": 25,
  "fields": {
    "password": "pbkdf2_sha256$720000$SRNWpRFo7MrbrrutmcNrSN$60ytqSspJVfNe1rZ2qLvRicInXzozeWUMG+BetJcDOU=",
    "last_login": null,
    "is_superuser": false,
    "username": "mohammedsamarat",
    "first_name": "Mohammed Samarat",
    "last_name": "",
    "email": "",
    "is_staff": false,
    "is_active": true,
    "date_joined": "2026-01-08T13:41:46.718Z",
    "user_type": "student",
    "phone": "",
    "address": "",
    "profile_picture": "",
    "groups": [],
    "user_permissions": []
  }
},
{
  "model": "accounts.user",
  "pk": 26,
  "fields": {
    "password": "pbkdf2_sha256$720000$CNgGyIPWJ1TojzNxRDo7QP$ML/0NKCROy5UMZCzPqOYJAGoZ70SiYn7fuL6ek3jM+g=",
    "last_login": null,
    "is_superuser": false,
    "username": "munirusofia",
    "first_name": "Muniru Sofia",
    "last_name": "",
    "email": "",
    "is_staff": false,
    "is_active": true,
    "date_joined": "2026-01-08T13:41:47.229Z",
    "user_type": "student",
    "phone": "",
    "address": "",
    "profile_picture": "",
    "groups": [],
    "user_permissions": []
  }
},
{
  "model": "accounts.user",
  "pk": 27,
  "fields": {
    "password": "pbkdf2_sha256$720000$WexoeEM6L6TcZAMOskwGKK$rfadxp4AmrD7Tz4b9wlvM3eyPE6R6LhTC3tPcDNMB28=",
    "last_login": null,
    "is_superuser": false,
    "username": "nafiwuelham",
    "first_name": "Nafiwu Elham",
    "last_name": "",
    "email": "",
    "is_staff": false,
    "is_active": true,
    "date_joined": "2026-01-08T13:41:47.790Z",
    "user_type": "student",
    "phone": "",
    "address": "",
    "profile_picture": "",
    "groups": [],
    "user_permissions": []
  }
},
{
  "model": "accounts.user",
  "pk": 28,
  "fields": {
    "password": "pbkdf2_sha256$720000$PxLyQVx1UxqZhGwPUgcyh5$rAaE9qlvgDn3WNp6b1gPlzxrg9LhoGqZYq6kvWqMGK4=",
    "last_login": null,
    "is_superuser": false,
    "username": "nuhurafiya",
    "first_name": "Nuhu Rafiya",
    "last_name": "",
    "email": "",
    "is_staff": false,
    "is_active": true,
    "date_joined": "2026-01-08T13:41:48.357Z",
    "user_type": "student",
    "phone": "",
    "address": "",
    "profile_picture": "",
    "groups": [],
    "user_permissions": []
  }
},
{
  "model": "accounts.user",
  "pk": 29,
  "fields": {
    "password": "pbkdf2_sha256$720000$o5nWlIAPwUFVefUuGJrmzy$fJcFTsp9Cr7sDy9eLHz6obxTlDWc8ibhBZOj+cKj++0=",
    "last_login": null,
    "is_superuser": false,
    "username": "salamzeinab",
    "first_name": "Salam Zeinab",
    "last_name": "",
    "email": "",
    "is_staff": false,
    "is_active": true,
    "date_joined": "2026-01-08T13:41:48.856Z",
    "user_type": "student",
    "phone": "",
    "address": "",
    "profile_picture": "",
    "groups": [],
    "user_permissions": []
  }
},
{
  "model": "accounts.user",
  "pk": 30,
  "fields": {
    "password": "pbkdf2_sha256$720000$J3EsaoNI266q3XOzvNJ4dA$dgBKwIByKutlnvw4OpOltAsgtm5IvGpeHMdjhO45Y0o=",
    "last_login": null,
    "is_superuser": false,
    "username": "shakurusobida",
    "first_name": "Shakuru Sobida",
    "last_name": "",
    "email": "",
    "is_staff": false,
    "is_active": true,
    "date_joined": "2026-01-08T13:41:49.271Z",
    "user_type": "student",
    "phone": "",
    "address": "",
    "profile_picture": "",
    "groups": [],
    "user_permissions": []
  }
},
{
  "model": "accounts.user",
  "pk": 31,
  "fields": {
    "password": "pbkdf2_sha256$720000$Gw7yhUpBNixX8wBn4VUjUN$RWoUSuiH5JSP5F+BTCNkEgF1+V3HRr/q3p7hqzRBo6k=",
    "last_login": null,
    "is_superuser": false,
    "username": "sumailamujana",
    "first_name": "Sumaila Mujana",
    "last_name": "",
    "email": "",
    "is_staff": false,
    "is_active": true,
    "date_joined": "2026-01-08T13:41:49.727Z",
    "user_type": "student",
    "phone": "",
    "address": "",
    "profile_picture": "",
    "groups": [],
    "user_permissions": []
  }
},
{
  "model": "accounts.user",
  "pk": 32,
  "fields": {
    "password": "pbkdf2_sha256$720000$xD8IYiWSCSC7m9wKt3wcnQ$pwkCsrMjU31roPwez2EVXJC8D34gy+IEzkMxuxU5UoY=",
    "last_login": null,
    "is_superuser": false,
    "username": "tahirutawakaltu",
    "first_name": "Tahiru Tawakaltu",
    "last_name": "",
    "email": "",
    "is_staff": false,
    "is_active": true,
    "date_joined": "2026-01-08T13:41:50.163Z",
    "user_type": "student",
    "phone": "",
    "address": "",
    "profile_picture": "",
    "groups": [],
    "user_permissions": []
  }
},
{
  "model": "accounts.user",
  "pk": 33,
  "fields": {
    "password": "pbkdf2_sha256$720000$wktsJHiq6et1ztS9qKEab9$i1a9AkG80A+o3MTtcYUd/ooG/SUKzv6pJgdu5vGB9pA=",
    "last_login": null,
    "is_superuser": false,
    "username": "teibujazaw",
    "first_name": "Teibu Jazaw",
    "last_name": "",
    "email": "",
    "is_staff": false,
    "is_active": true,
    "date_joined": "2026-01-08T13:41:50.594Z",
    "user_type": "student",
    "phone": "",
    "address": "",
    "profile_picture": "",
    "groups": [],
    "user_permissions": []
  }
},
{
  "model": "accounts.user",
  "pk": 34,
  "fields": {
    "password": "pbkdf2_sha256$720000$jxWCBZqhYZbcl6VpedgJu5$LSco3OHs2vh9DmhJvAoS7ut8Z0+rMzuWKd985mpF3Go=",
    "last_login": null,
    "is_superuser": false,
    "username": "teiburahma",
    "first_name": "Teibu Rahma",
    "last_name": "",
    "email": "",
    "is_staff": false,
    "is_active": true,
    "date_joined": "2026-01-08T13:41:51.058Z",
    "user_type": "student",
    "phone": "",
    "address": "",
    "profile_picture": "",
    "groups": [],
    "user_permissions": []
  }
},
{
  "model": "accounts.user",
  "pk": 35,
  "fields": {
    "password": "pbkdf2_sha256$720000$950NRNC9HAjBvhTVExy3mB$iR6JnuhwgwNi9JFG8+Wf3DO85xHxqEdzkz+l/vqNHCc=",
    "last_login": null,
    "is_superuser": false,
    "username": "yakubusuraya",
    "first_name": "Yakubu Suraya",
    "last_name": "",
    "email": "",
    "is_staff": false,
    "is_active": true,
    "date_joined": "2026-01-08T13:41:51.491Z",
    "user_type": "student",
    "phone": "",
    "address": "",
    "profile_picture": "",
    "groups": [],
    "user_permissions": []
  }
},
{
  "model": "accounts.user",
  "pk": 36,
  "fields": {
    "password": "pbkdf2_sha256$720000$4QSFocRsjjWcNu7M0cxphg$tUddArqtWThHf8A1jCH4OE1xtsiJ/7JVbStALR0FVMQ=",
    "last_login": null,
    "is_superuser": false,
    "username": "yawfarhana",
    "first_name": "Yaw Farhana",
    "last_name": "",
    "email": "",
    "is_staff": false,
    "is_active": true,
    "date_joined": "2026-01-08T13:41:51.923Z",
    "user_type": "student",
    "phone": "",
    "address": "",
    "profile_picture": "",
    "groups": [],
    "user_permissions": []
  }
},
{
  "model": "accounts.user",
  "pk": 37,
  "fields": {
    "password": "pbkdf2_sha256$720000$TR2wQHGVs7SsKYuE8Cv6VB$1U4TiOuSw8FRaMEKTqTgkuV7ROO9cx8u6okmg5DxR4M=",
    "last_login": null,
    "is_superuser": false,
    "username": "abdulrashidruhaina",
    "first_name": "Abdul Rashid Ruhaina",
    "last_name": "",
    "email": "",
    "is_staff": false,
    "is_active": true,
    "date_joined": "2026-01-08T13:50:55.977Z",
    "user_type": "student",
    "phone": "",
    "address": "",
    "profile_picture": "",
    "groups": [],
    "user_permissions": []
  }
},
{
  "model": "accounts.user",
  "pk": 38,
  "fields": {
    "password": "pbkdf2_sha256$720000$Rr7blgn9bd2GSc5FlY3zRU$kMfip3IATgnGQVK3KXz8+eU2NJSdu3jUqAAq5Q1H9ts=",
    "last_login": null,
    "is_superuser": false,
    "username": "alhassanhariya",
    "first_name": "Alhassan Hariya",
    "last_name": "",
    "email": "",
    "is_staff": false,
    "is_active": true,
    "date_joined": "2026-01-08T13:50:56.481Z",
    "user_type": "student",
    "phone": "",
    "address": "",
    "profile_picture": "",
    "groups": [],
    "user_permissions": []
  }
},
{
  "model": "accounts.user",
  "pk": 39,
  "fields": {
    "password": "pbkdf2_sha256$720000$LvEv9yjX7nCVcCwbs31n4K$LyaVT80wBPFiS5iUcJYT+IqguZLabKmmN0e5pQKX+NU=",
    "last_login": null,
    "is_superuser": false,
    "username": "alhassannasia",
    "first_name": "Alhassan Nasia",
    "last_name": "",
    "email": "",
    "is_staff": false,
    "is_active": true,
    "date_joined": "2026-01-08T13:50:56.938Z",
    "user_type": "student",
    "phone": "",
    "address": "",
    "profile_picture": "",
    "groups": [],
    "user_permissions": []
  }
},
{
  "model": "accounts.user",
  "pk": 40,
  "fields": {
    "password": "pbkdf2_sha256$720000$l8tf55TJJLS0Wz2wpT7QLx$h5zcmopu1q2KuFV4vbaUIVx84t//co7Mo9MolxL8FwE=",
    "last_login": null,
    "is_superuser": false,
    "username": "alhassanyussiranatu",
    "first_name": "Alhassan Yussiranatu",
    "last_name": "",
    "email": "",
    "is_staff": false,
    "is_active": true,
    "date_joined": "2026-01-08T13:50:57.364Z",
    "user_type": "student",
    "phone": "",
    "address": "",
    "profile_picture": "",
    "groups": [],
    "user_permissions": []
  }
},
{
  "model": "accounts.user",
  "pk": 41,
  "fields": {
    "password": "pbkdf2_sha256$720000$xs2308nAZ3K51g3s9u1vJV$WirRIK3FL222x5ca4BIzIRNotb+0KvEpt2CDuLkRmDY=",
    "last_login": null,
    "is_superuser": false,
    "username": "awalfawzia",
    "first_name": "Awal Fawzia",
    "last_name": "",
    "email": "",
    "is_staff": false,
    "is_active": true,
    "date_joined": "2026-01-08T13:50:57.839Z",
    "user_type": "student",
    "phone": "",
    "address": "",
    "profile_picture": "",
    "groups": [],
    "user_permissions": []
  }
},
{
  "model": "accounts.user",
  "pk": 42,
  "fields": {
    "password": "pbkdf2_sha256$720000$JE0pBvCamz0uZ8nOQYsEpf$7Y2FjZNgdOwL2nHmX/ylevSuacSX9EmWXiIao8CvaqU=",
    "last_login": null,
    "is_superuser": false,
    "username": "iddrisushameda",
    "first_name": "Iddrisu Shameda",
    "last_name": "",
    "email": "",
    "is_staff": false,
    "is_active": true,
    "date_joined": "2026-01-08T13:50:58.287Z",
    "user_type": "student",
    "phone": "",
    "address": "",
    "profile_picture": "",
    "groups": [],
    "user_permissions": []
  }
},
{
  "model": "accounts.user",
  "pk": 43,
  "fields": {
    "password": "pbkdf2_sha256$720000$Cq8y9XVq3IPYD64ly6nR15$6l1qQHgS7v24ajzWWtoM5B/HPS8oWp9CAe4OVqH7Ycc=",
    "last_login": null,
    "is_superuser": false,
    "username": "jimahrashida",
    "first_name": "Jimah Rashida",
    "last_name": "",
    "email": "",
    "is_staff": false,
    "is_active": true,
    "date_joined": "2026-01-08T13:50:58.752Z",
    "user_type": "student",
    "phone": "",
    "address": "",
    "profile_picture": "",
    "groups": [],
    "user_permissions": []
  }
},
{
  "model": "accounts.user",
  "pk": 44,
  "fields": {
    "password": "pbkdf2_sha256$720000$ZHZLyNTk6dPREtZOLLjTaw$yc6pPuv6tEPcpbucscatzw8cez/+hBdTov+rRQnpDFc=",
    "last_login": null,
    "is_superuser": false,
    "username": "masahuduayisha",
    "first_name": "Masahudu Ayisha",
    "last_name": "",
    "email": "",
    "is_staff": false,
    "is_active": true,
    "date_joined": "2026-01-08T13:50:59.197Z",
    "user_type": "student",
    "phone": "",
    "address": "",
    "profile_picture": "",
    "groups": [],
    "user_permissions": []
  }
},
{
  "model": "accounts.user",
  "pk": 45,
  "fields": {
    "password": "pbkdf2_sha256$720000$GtYDd8uatMEKZUjWHB9JOm$HjJ9AR28ma6PY60zcHBpXG6NqM9fC1+QbVeJR4cnPsc=",
    "last_login": null,
    "is_superuser": false,
    "username": "mohammedhariya",
    "first_name": "Mohammed Hariya",
    "last_name": "",
    "email": "",
    "is_staff": false,
    "is_active": true,
    "date_joined": "2026-01-08T13:50:59.615Z",
    "user_type": "student",
    "phone": "",
    "address": "",
    "profile_picture": "",
    "groups": [],
    "user_permissions": []
  }
},
{
  "model": "accounts.user",
  "pk": 46,
  "fields": {
    "password": "pbkdf2_sha256$720000$KXVxkLUEhVOojzrsTmK71T$zbpEgnhkNDaBWBX6zVavPG7O53uyImTHsKE2ethBrqM=",
    "last_login": null,
    "is_superuser": false,
    "username": "musahkamariatu",
    "first_name": "Musah Kamariatu",
    "last_name": "",
    "email": "",
    "is_staff": false,
    "is_active": true,
    "date_joined": "2026-01-08T13:51:00.047Z",
    "user_type": "student",
    "phone": "",
    "address": "",
    "profile_picture": "",
    "groups": [],
    "user_permissions": []
  }
},
{
  "model": "accounts.user",
  "pk": 47,
  "fields": {
    "password": "pbkdf2_sha256$720000$EdeqN1w5D9qgzV8vo2Rp4S$qg5aCtbU+b5Q3eU2aSmyIzXDr5KAt+PgtphDFXVo61A=",
    "last_login": null,
    "is_superuser": false,
    "username": "seidumuyashira",
    "first_name": "Seidu Muyashira",
    "last_name": "",
    "email": "",
    "is_staff": false,
    "is_active": true,
    "date_joined": "2026-01-08T13:51:00.571Z",
    "user_type": "student",
    "phone": "",
    "address": "",
    "profile_picture": "",
    "groups": [],
    "user_permissions": []
  }
},
{
  "model": "accounts.user",
  "pk": 48,
  "fields": {
    "password": "pbkdf2_sha256$720000$W0niQUAIZ2lzgIvXXpw9tz$4z7l7P4cWcG628ETZ1Pd/XtFPHqRWuPvmFkBBfbDy8w=",
    "last_login": null,
    "is_superuser": false,
    "username": "sharifosmannadra",
    "first_name": "Sharif Osman Nadra",
    "last_name": "",
    "email": "",
    "is_staff": false,
    "is_active": true,
    "date_joined": "2026-01-08T13:51:01.085Z",
    "user_type": "student",
    "phone": "",
    "address": "",
    "profile_picture": "",
    "groups": [],
    "user_permissions": []
  }
},
{
  "model": "accounts.user",
  "pk": 49,
  "fields": {
    "password": "pbkdf2_sha256$720000$BeuRWqphhTetbV4WkoSzR7$l2qy3Se7SrR/BN1lfcuqzI9Ie4ae6FhdxZaTffJRqZk=",
    "last_login": null,
    "is_superuser": false,
    "username": "sulemanahanatu",
    "first_name": "Sulemana Hanatu",
    "last_name": "",
    "email": "",
    "is_staff": false,
    "is_active": true,
    "date_joined": "2026-01-08T13:51:01.553Z",
    "user_type": "student",
    "phone": "",
    "address": "",
    "profile_picture": "",
    "groups": [],
    "user_permissions": []
  }
},
{
  "model": "accounts.user",
  "pk": 50,
  "fields": {
    "password": "pbkdf2_sha256$720000$Zp5EBcNNQGNJEneyy4XYGC$roQeAPPSh2WI1P5xKH0J1ysIwtKuNfynhhfRifdpZeM=",
    "last_login": null,
    "is_superuser": false,
    "username": "waliawismatu",
    "first_name": "Waliaw Ismatu",
    "last_name": "",
    "email": "",
    "is_staff": false,
    "is_active": true,
    "date_joined": "2026-01-08T13:51:01.997Z",
    "user_type": "student",
    "phone": "",
    "address": "",
    "profile_picture": "",
    "groups": [],
    "user_permissions": []
  }
},
{
  "model": "accounts.user",
  "pk": 51,
  "fields": {
    "password": "pbkdf2_sha256$720000$dnj2PGZYqJ7gXDYjZC7NQb$MHGSmL0vm6pji/4FV+l5YdHmWuat/nSqWke3Q7RWpnU=",
    "last_login": null,
    "is_superuser": false,
    "username": "yakubuzaraw",
    "first_name": "Yakubu Zaraw",
    "last_name": "",
    "email": "",
    "is_staff": false,
    "is_active": true,
    "date_joined": "2026-01-08T13:51:02.462Z",
    "user_type": "student",
    "phone": "",
    "address": "",
    "profile_picture": "",
    "groups": [],
    "user_permissions": []
  }
},
{
  "model": "accounts.user",
  "pk": 52,
  "fields": {
    "password": "pbkdf2_sha256$720000$JVc3P3UWH6bxFeorzjyIMQ$Q5sxIQ4QgQ6zz3UHJmFrB8y+uVaQyVMA2WxQabZf24s=",
    "last_login": null,
    "is_superuser": false,
    "username": "abdulaimariam",
    "first_name": "Abdulai Mariam",
    "last_name": "",
    "email": "",
    "is_staff": false,
    "is_active": true,
    "date_joined": "2026-01-08T13:55:29.533Z",
    "user_type": "student",
    "phone": "",
    "address": "",
    "profile_picture": "",
    "groups": [],
    "user_permissions": []
  }
},
{
  "model": "accounts.user",
  "pk": 53,
  "fields": {
    "password": "pbkdf2_sha256$720000$8QSkgHxmLBOto10UdJzDeA$NFS0COF3Zf9cJfCdBmrIM3Bst5AuA26zot1lFg5a1xI=",
    "last_login": null,
    "is_superuser": false,
    "username": "abuzuleiha",
    "first_name": "Abu Zuleiha",
    "last_name": "",
    "email": "",
    "is_staff": false,
    "is_active": true,
    "date_joined": "2026-01-08T13:55:30.363Z",
    "user_type": "student",
    "phone": "",
    "address": "",
    "profile_picture": "",
    "groups": [],
    "user_permissions": []
  }
},
{
  "model": "accounts.user",
  "pk": 54,
  "fields": {
    "password": "pbkdf2_sha256$720000$m8EAbXqmMOYbmJMX4zXw2k$rNTWcapKxqCmMMwanbOZTzbvf9Gpg7Dy+OOFDV0NMgc=",
    "last_login": null,
    "is_superuser": false,
    "username": "adamasana",
    "first_name": "Adam Asana",
    "last_name": "",
    "email": "",
    "is_staff": false,
    "is_active": true,
    "date_joined": "2026-01-08T13:55:30.829Z",
    "user_type": "student",
    "phone": "",
    "address": "",
    "profile_picture": "",
    "groups": [],
    "user_permissions": []
  }
},
{
  "model": "accounts.user",
  "pk": 55,
  "fields": {
    "password": "pbkdf2_sha256$720000$x2Qe4cO3xU0CTL79qneTAG$G0mOgZDf8qRPVAdbb8ottRgqbQh96UnkXr0+LGYFH3U=",
    "last_login": null,
    "is_superuser": false,
    "username": "adamzainab",
    "first_name": "Adam Zainab",
    "last_name": "",
    "email": "",
    "is_staff": false,
    "is_active": true,
    "date_joined": "2026-01-08T13:55:31.366Z",
    "user_type": "student",
    "phone": "",
    "address": "",
    "profile_picture": "",
    "groups": [],
    "user_permissions": []
  }
},
{
  "model": "accounts.user",
  "pk": 56,
  "fields": {
    "password": "pbkdf2_sha256$720000$gIGidtNFiAG5WVsuu7ontd$HSVkYnlEwgj3BH8ST4eQR5yOFodZ46JET0J8SPsbIBY=",
    "last_login": null,
    "is_superuser": false,
    "username": "akatibarkisu",
    "first_name": "Akati Barkisu",
    "last_name": "",
    "email": "",
    "is_staff": false,
    "is_active": true,
    "date_joined": "2026-01-08T13:55:31.845Z",
    "user_type": "student",
    "phone": "",
    "address": "",
    "profile_picture": "",
    "groups": [],
    "user_permissions": []
  }
},
{
  "model": "accounts.user",
  "pk": 57,
  "fields": {
    "password": "pbkdf2_sha256$720000$sBIWXB4ImmFRIUm4QL1Aq5$thDcBTbvhZsrhyykzARnvPFtIJJfREYalHspcuIls5w=",
    "last_login": null,
    "is_superuser": false,
    "username": "alhassanharifa",
    "first_name": "Alhassan Harifa",
    "last_name": "",
    "email": "",
    "is_staff": false,
    "is_active": true,
    "date_joined": "2026-01-08T13:55:32.435Z",
    "user_type": "student",
    "phone": "",
    "address": "",
    "profile_picture": "",
    "groups": [],
    "user_permissions": []
  }
},
{
  "model": "accounts.user",
  "pk": 58,
  "fields": {
    "password": "pbkdf2_sha256$720000$UKN3AjngTfqF0sJMgq7GeM$foYRJESSSO2rV3TK0QT9/JbejFYn8egygggfAbPU1Rg=",
    "last_login": null,
    "is_superuser": false,
    "username": "alhassantabdila",
    "first_name": "Alhassan Tabdila",
    "last_name": "",
    "email": "",
    "is_staff": false,
    "is_active": true,
    "date_joined": "2026-01-08T13:55:32.984Z",
    "user_type": "student",
    "phone": "",
    "address": "",
    "profile_picture": "",
    "groups": [],
    "user_permissions": []
  }
},
{
  "model": "accounts.user",
  "pk": 59,
  "fields": {
    "password": "pbkdf2_sha256$720000$0gafb8BYYtyqGi0UNC7xqu$5En2SZ6aYxdOe7D9e3R+hhwZdJsW32kprgzzjwhSQUo=",
    "last_login": null,
    "is_superuser": false,
    "username": "amankwaelham",
    "first_name": "Amankwa Elham",
    "last_name": "",
    "email": "",
    "is_staff": false,
    "is_active": true,
    "date_joined": "2026-01-08T13:55:33.495Z",
    "user_type": "student",
    "phone": "",
    "address": "",
    "profile_picture": "",
    "groups": [],
    "user_permissions": []
  }
},
{
  "model": "accounts.user",
  "pk": 60,
  "fields": {
    "password": "pbkdf2_sha256$720000$FeA2Pka7gIOBXpfbY9n6fM$omrIf0gSUOBxYaG39xS0xO451VSM6R1dMsEM0C1EEVE=",
    "last_login": null,
    "is_superuser": false,
    "username": "atchulomfarida",
    "first_name": "Atchulo M Farida",
    "last_name": "",
    "email": "",
    "is_staff": false,
    "is_active": true,
    "date_joined": "2026-01-08T13:55:33.975Z",
    "user_type": "student",
    "phone": "",
    "address": "",
    "profile_picture": "",
    "groups": [],
    "user_permissions": []
  }
},
{
  "model": "accounts.user",
  "pk": 61,
  "fields": {
    "password": "pbkdf2_sha256$720000$qL1sGynx4lwQuQXWnTHjJr$P2TpQdikeDp4YOQivlyDoXY+8VVHjzFXDP12wEsVysE=",
    "last_login": null,
    "is_superuser": false,
    "username": "beidulaiismatu",
    "first_name": "Beidulai Ismatu",
    "last_name": "",
    "email": "",
    "is_staff": false,
    "is_active": true,
    "date_joined": "2026-01-08T13:55:34.476Z",
    "user_type": "student",
    "phone": "",
    "address": "",
    "profile_picture": "",
    "groups": [],
    "user_permissions": []
  }
},
{
  "model": "accounts.user",
  "pk": 62,
  "fields": {
    "password": "pbkdf2_sha256$720000$6t1NzekpboTlSfLTmoMyzs$dNgNYCid/Vrs5s3PgraDig9sltigh4OfOnTWUX3+Ye4=",
    "last_login": null,
    "is_superuser": false,
    "username": "fuseiniafishetu",
    "first_name": "Fuseini Afishetu",
    "last_name": "",
    "email": "",
    "is_staff": false,
    "is_active": true,
    "date_joined": "2026-01-08T13:55:34.984Z",
    "user_type": "student",
    "phone": "",
    "address": "",
    "profile_picture": "",
    "groups": [],
    "user_permissions": []
  }
},
{
  "model": "accounts.user",
  "pk": 63,
  "fields": {
    "password": "pbkdf2_sha256$720000$5Yff1EV6lBq8yiBhVWuDL3$ZdQC2m94DPXZspuCngDnjFe/OQWm7qCmzFaHobebGWA=",
    "last_login": null,
    "is_superuser": false,
    "username": "ganiwbarkisu",
    "first_name": "Ganiw Barkisu",
    "last_name": "",
    "email": "",
    "is_staff": false,
    "is_active": true,
    "date_joined": "2026-01-08T13:55:35.429Z",
    "user_type": "student",
    "phone": "",
    "address": "",
    "profile_picture": "",
    "groups": [],
    "user_permissions": []
  }
},
{
  "model": "accounts.user",
  "pk": 64,
  "fields": {
    "password": "pbkdf2_sha256$720000$xsS8WQ6lDJzYBvKODwBkbC$R6KzT69MTErDwpFijzQKtgoOerdoAFtC03FRXHw1Y/I=",
    "last_login": null,
    "is_superuser": false,
    "username": "hadiafraw",
    "first_name": "Hadi Afraw",
    "last_name": "",
    "email": "",
    "is_staff": false,
    "is_active": true,
    "date_joined": "2026-01-08T13:55:35.960Z",
    "user_type": "student",
    "phone": "",
    "address": "",
    "profile_picture": "",
    "groups": [],
    "user_permissions": []
  }
},
{
  "model": "accounts.user",
  "pk": 65,
  "fields": {
    "password": "pbkdf2_sha256$720000$eZvIyFEyu0tKFx9bcaHIRK$L4tbNVLYq9OkqS9PfTbwVh3wLd/HzDmh2rDa09z7tHs=",
    "last_login": null,
    "is_superuser": false,
    "username": "karimmariam",
    "first_name": "Karim Mariam",
    "last_name": "",
    "email": "",
    "is_staff": false,
    "is_active": true,
    "date_joined": "2026-01-08T13:55:36.477Z",
    "user_type": "student",
    "phone": "",
    "address": "",
    "profile_picture": "",
    "groups": [],
    "user_permissions": []
  }
},
{
  "model": "accounts.user",
  "pk": 66,
  "fields": {
    "password": "pbkdf2_sha256$720000$uBfhXg3IZWeTdfpLnuBM8U$/9vFxDWdrlDFsR68GOn6xPQGzFROse5kL9Tz5psjFfI=",
    "last_login": null,
    "is_superuser": false,
    "username": "kudjohikmatu",
    "first_name": "Kudjo Hikmatu",
    "last_name": "",
    "email": "",
    "is_staff": false,
    "is_active": true,
    "date_joined": "2026-01-08T13:55:37.001Z",
    "user_type": "student",
    "phone": "",
    "address": "",
    "profile_picture": "",
    "groups": [],
    "user_permissions": []
  }
},
{
  "model": "accounts.user",
  "pk": 67,
  "fields": {
    "password": "pbkdf2_sha256$720000$olYGZX4ntVMR15vI8MkH3N$cWfo2vOo274kU5COzXQ8fHi+J1siAL48xlh24/iL04w=",
    "last_login": null,
    "is_superuser": false,
    "username": "mohammedruhaina",
    "first_name": "Mohammed Ruhaina",
    "last_name": "",
    "email": "",
    "is_staff": false,
    "is_active": true,
    "date_joined": "2026-01-08T13:55:37.508Z",
    "user_type": "student",
    "phone": "",
    "address": "",
    "profile_picture": "",
    "groups": [],
    "user_permissions": []
  }
},
{
  "model": "accounts.user",
  "pk": 68,
  "fields": {
    "password": "pbkdf2_sha256$720000$gU4izyeeezPM0iMvRU8RiT$Om50TsFI8bAiJAD/Nmnewkhe2jyts8h7KidT92PoXIc=",
    "last_login": null,
    "is_superuser": false,
    "username": "mumunimaweya",
    "first_name": "Mumuni Maweya",
    "last_name": "",
    "email": "",
    "is_staff": false,
    "is_active": true,
    "date_joined": "2026-01-08T13:55:38.141Z",
    "user_type": "student",
    "phone": "",
    "address": "",
    "profile_picture": "",
    "groups": [],
    "user_permissions": []
  }
},
{
  "model": "accounts.user",
  "pk": 69,
  "fields": {
    "password": "pbkdf2_sha256$720000$HWg9GVddNCLGywlWjJXgNs$pL8mptwFgihBR/Fwi1m/DkJAaTBXmSYwgS/a8ZQ7vGM=",
    "last_login": null,
    "is_superuser": false,
    "username": "ridwaniklimatu",
    "first_name": "Ridwan Iklimatu",
    "last_name": "",
    "email": "",
    "is_staff": false,
    "is_active": true,
    "date_joined": "2026-01-08T13:55:38.691Z",
    "user_type": "student",
    "phone": "",
    "address": "",
    "profile_picture": "",
    "groups": [],
    "user_permissions": []
  }
},
{
  "model": "accounts.user",
  "pk": 70,
  "fields": {
    "password": "pbkdf2_sha256$720000$0ZUkcubJxMFH3Lx3SzxvOq$5HTX6o1NmeWcbk4yr8Qim8vbHWDPrL9fKDsJKK6jnWM=",
    "last_login": null,
    "is_superuser": false,
    "username": "shaibuleena",
    "first_name": "Shaibu Leena",
    "last_name": "",
    "email": "",
    "is_staff": false,
    "is_active": true,
    "date_joined": "2026-01-08T13:55:39.161Z",
    "user_type": "student",
    "phone": "",
    "address": "",
    "profile_picture": "",
    "groups": [],
    "user_permissions": []
  }
},
{
  "model": "accounts.user",
  "pk": 71,
  "fields": {
    "password": "pbkdf2_sha256$720000$56n0V0JAfTYBgtH9zDbKyS$kkh+FNljvzY7GOwt6NElIpGgg9r3H0Azvf8iFctQfzk=",
    "last_login": null,
    "is_superuser": false,
    "username": "sulemanaetsan",
    "first_name": "Sulemana Etsan",
    "last_name": "",
    "email": "",
    "is_staff": false,
    "is_active": true,
    "date_joined": "2026-01-08T13:55:39.625Z",
    "user_type": "student",
    "phone": "",
    "address": "",
    "profile_picture": "",
    "groups": [],
    "user_permissions": []
  }
},
{
  "model": "accounts.user",
  "pk": 72,
  "fields": {
    "password": "pbkdf2_sha256$720000$4KIPkQji2N5BLVpGaN9bQF$2YJtGawFJ+6hxzuGyXou/ixHe9lM+0gppclCy+lpTa0=",
    "last_login": null,
    "is_superuser": false,
    "username": "sumanishakira",
    "first_name": "Sumani Shakira",
    "last_name": "",
    "email": "",
    "is_staff": false,
    "is_active": true,
    "date_joined": "2026-01-08T13:55:40.110Z",
    "user_type": "student",
    "phone": "",
    "address": "",
    "profile_picture": "",
    "groups": [],
    "user_permissions": []
  }
},
{
  "model": "accounts.user",
  "pk": 73,
  "fields": {
    "password": "pbkdf2_sha256$720000$Pg6eHoxTygvFVPDJJP88g6$QVcv0ZoBWUuA6axO9CM49veCAdDQH3+Ugnj1nebPP7c=",
    "last_login": null,
    "is_superuser": false,
    "username": "sumailamagfira",
    "first_name": "Sumaila Magfira",
    "last_name": "",
    "email": "",
    "is_staff": false,
    "is_active": true,
    "date_joined": "2026-01-08T13:55:40.608Z",
    "user_type": "student",
    "phone": "",
    "address": "",
    "profile_picture": "",
    "groups": [],
    "user_permissions": []
  }
},
{
  "model": "accounts.user",
  "pk": 74,
  "fields": {
    "password": "pbkdf2_sha256$720000$9Of2SkLoZbIrD9ynVj9MNQ$6G+KFb318nmrQw+HEy+zq4hollkosh+4OuwUJK71i2k=",
    "last_login": null,
    "is_superuser": false,
    "username": "umarkhadija",
    "first_name": "Umar Khadija",
    "last_name": "",
    "email": "",
    "is_staff": false,
    "is_active": true,
    "date_joined": "2026-01-08T13:55:41.117Z",
    "user_type": "student",
    "phone": "",
    "address": "",
    "profile_picture": "",
    "groups": [],
    "user_permissions": []
  }
},
{
  "model": "accounts.user",
  "pk": 75,
  "fields": {
    "password": "pbkdf2_sha256$720000$aXtBar3j3mc4yTPCpYRjIb$Rc3NskEebSCRd7ktukqXGYH2kGIL3AtMaMacK5Xq3XE=",
    "last_login": null,
    "is_superuser": false,
    "username": "yakuburauda",
    "first_name": "Yakubu Rauda",
    "last_name": "",
    "email": "",
    "is_staff": false,
    "is_active": true,
    "date_joined": "2026-01-08T13:55:41.606Z",
    "user_type": "student",
    "phone": "",
    "address": "",
    "profile_picture": "",
    "groups": [],
    "user_permissions": []
  }
},
{
  "model": "accounts.user",
  "pk": 76,
  "fields": {
    "password": "pbkdf2_sha256$720000$QisE4cCFoxS1nvej8sj33p$k0uIbHOEOq1JSRdjZ0AudcDHLN7HhFYIOLEnp6yBsM0=",
    "last_login": null,
    "is_superuser": false,
    "username": "yussifkawusada",
    "first_name": "Yussif Kawusada",
    "last_name": "",
    "email": "",
    "is_staff": false,
    "is_active": true,
    "date_joined": "2026-01-08T13:55:42.066Z",
    "user_type": "student",
    "phone": "",
    "address": "",
    "profile_picture": "",
    "groups": [],
    "user_permissions": []
  }
},
{
  "model": "accounts.user",
  "pk": 77,
  "fields": {
    "password": "pbkdf2_sha256$720000$1CGcEhM4kJjkcjpQquJPYM$Hke7YjDlRT9ijfg/WiJbejBvODU0ECakQDoVCavH4h8=",
    "last_login": null,
    "is_superuser": false,
    "username": "zakariarahimah",
    "first_name": "Zakaria Rahimah",
    "last_name": "",
    "email": "",
    "is_staff": false,
    "is_active": true,
    "date_joined": "2026-01-08T13:55:42.508Z",
    "user_type": "student",
    "phone": "",
    "address": "",
    "profile_picture": "",
    "groups": [],
    "user_permissions": []
  }
},
{
  "model": "accounts.user",
  "pk": 78,
  "fields": {
    "password": "pbkdf2_sha256$720000$WNwVuYIS2vMyDzRXwh0sID$iiw3tNsa6x93bojUrjY/bJ5RPtSAftLcTsSm6pdKErk=",
    "last_login": null,
    "is_superuser": false,
    "username": "zakariasuturatu",
    "first_name": "Zakaria Suturatu",
    "last_name": "",
    "email": "",
    "is_staff": false,
    "is_active": true,
    "date_joined": "2026-01-08T13:55:43.012Z",
    "user_type": "student",
    "phone": "",
    "address": "",
    "profile_picture": "",
    "groups": [],
    "user_permissions": []
  }
},
{
  "model": "accounts.user",
  "pk": 79,
  "fields": {
    "password": "pbkdf2_sha256$720000$xVmR17MkZ92L85f20qRVXo$iDN8wwOip9jShc5cnTEXthH/P6Pn7IqwY1e5vzUTApo=",
    "last_login": null,
    "is_superuser": false,
    "username": "abdulaimariam2",
    "first_name": "Abdulai Mariam",
    "last_name": "",
    "email": "",
    "is_staff": false,
    "is_active": true,
    "date_joined": "2026-01-08T14:01:41.429Z",
    "user_type": "student",
    "phone": "",
    "address": "",
    "profile_picture": "",
    "groups": [],
    "user_permissions": []
  }
},
{
  "model": "accounts.user",
  "pk": 80,
  "fields": {
    "password": "pbkdf2_sha256$720000$cI4hjDHh6CC9LOOpqNYKGS$Pk3YhKmKxPL2BBmSoo9jLer28pTvYw4TkqqKHooVJO0=",
    "last_login": null,
    "is_superuser": false,
    "username": "abuzuleiha2",
    "first_name": "Abu Zuleiha",
    "last_name": "",
    "email": "",
    "is_staff": false,
    "is_active": true,
    "date_joined": "2026-01-08T14:01:42.032Z",
    "user_type": "student",
    "phone": "",
    "address": "",
    "profile_picture": "",
    "groups": [],
    "user_permissions": []
  }
},
{
  "model": "accounts.user",
  "pk": 81,
  "fields": {
    "password": "pbkdf2_sha256$720000$nAlf2FwYCeP08QWgncklyF$kGp04jHtAvM6qvicQZ9dmJwRpmcFFqhdNBy9TP4FHPA=",
    "last_login": null,
    "is_superuser": false,
    "username": "adamasana2",
    "first_name": "Adam Asana",
    "last_name": "",
    "email": "",
    "is_staff": false,
    "is_active": true,
    "date_joined": "2026-01-08T14:01:42.473Z",
    "user_type": "student",
    "phone": "",
    "address": "",
    "profile_picture": "",
    "groups": [],
    "user_permissions": []
  }
},
{
  "model": "accounts.user",
  "pk": 82,
  "fields": {
    "password": "pbkdf2_sha256$720000$wctm2w10lK1XuNLsCFrJy2$j4PVhigWHNNRO9ESG92DAh0/cd/wuFoGD9dEVSFESqk=",
    "last_login": null,
    "is_superuser": false,
    "username": "adamzainab2",
    "first_name": "Adam Zainab",
    "last_name": "",
    "email": "",
    "is_staff": false,
    "is_active": true,
    "date_joined": "2026-01-08T14:01:42.925Z",
    "user_type": "student",
    "phone": "",
    "address": "",
    "profile_picture": "",
    "groups": [],
    "user_permissions": []
  }
},
{
  "model": "accounts.user",
  "pk": 83,
  "fields": {
    "password": "pbkdf2_sha256$720000$i1zFAa1MWNWTDeC12FirLY$w8RdT4YR26ol/buNt5w7bNuvRdvZogbUVSXZSGfp/gQ=",
    "last_login": null,
    "is_superuser": false,
    "username": "akatibarkisu2",
    "first_name": "Akati Barkisu",
    "last_name": "",
    "email": "",
    "is_staff": false,
    "is_active": true,
    "date_joined": "2026-01-08T14:01:43.339Z",
    "user_type": "student",
    "phone": "",
    "address": "",
    "profile_picture": "",
    "groups": [],
    "user_permissions": []
  }
},
{
  "model": "accounts.user",
  "pk": 84,
  "fields": {
    "password": "pbkdf2_sha256$720000$NICZUHKA4piEmxfOUNqj3B$WW9pb2i7XMJbhz5s6xAmN3h/1P2dYlfJGZoHxAl2KYM=",
    "last_login": null,
    "is_superuser": false,
    "username": "alhassanharifa2",
    "first_name": "Alhassan Harifa",
    "last_name": "",
    "email": "",
    "is_staff": false,
    "is_active": true,
    "date_joined": "2026-01-08T14:01:43.773Z",
    "user_type": "student",
    "phone": "",
    "address": "",
    "profile_picture": "",
    "groups": [],
    "user_permissions": []
  }
},
{
  "model": "accounts.user",
  "pk": 85,
  "fields": {
    "password": "pbkdf2_sha256$720000$vXv0tbJK7XIcatzHlZKIMX$qT4odOs+jfwAjqd5E4pnh5ZDfWN+f0/KUjbW3Gcd/pM=",
    "last_login": null,
    "is_superuser": false,
    "username": "alhassantabdila2",
    "first_name": "Alhassan Tabdila",
    "last_name": "",
    "email": "",
    "is_staff": false,
    "is_active": true,
    "date_joined": "2026-01-08T14:01:44.262Z",
    "user_type": "student",
    "phone": "",
    "address": "",
    "profile_picture": "",
    "groups": [],
    "user_permissions": []
  }
},
{
  "model": "accounts.user",
  "pk": 86,
  "fields": {
    "password": "pbkdf2_sha256$720000$RqgOlQ8ZTuwEd8I9C3rnVe$H7Wsi+UYsCrnFCuq+v/JGbXWdQn4zmCMbuu77rBVFeU=",
    "last_login": null,
    "is_superuser": false,
    "username": "amankwaelham2",
    "first_name": "Amankwa Elham",
    "last_name": "",
    "email": "",
    "is_staff": false,
    "is_active": true,
    "date_joined": "2026-01-08T14:01:44.756Z",
    "user_type": "student",
    "phone": "",
    "address": "",
    "profile_picture": "",
    "groups": [],
    "user_permissions": []
  }
},
{
  "model": "accounts.user",
  "pk": 87,
  "fields": {
    "password": "pbkdf2_sha256$720000$fDdtUEhF6tjEAbVRMuqOrk$ezNC2/bRdJDEzYW4uReWKkrQdM4H1Yxjn+e6O0PH7QQ=",
    "last_login": null,
    "is_superuser": false,
    "username": "atchulomfarida2",
    "first_name": "Atchulo M Farida",
    "last_name": "",
    "email": "",
    "is_staff": false,
    "is_active": true,
    "date_joined": "2026-01-08T14:01:45.236Z",
    "user_type": "student",
    "phone": "",
    "address": "",
    "profile_picture": "",
    "groups": [],
    "user_permissions": []
  }
},
{
  "model": "accounts.user",
  "pk": 88,
  "fields": {
    "password": "pbkdf2_sha256$720000$gsOsuVQgBQalFU2MVOrWRL$JZZoIjAjMA2ZVKMer6y7Fo5tnbO6N6T2GT8lqH4Zq2I=",
    "last_login": null,
    "is_superuser": false,
    "username": "beidulaiismatu2",
    "first_name": "Beidulai Ismatu",
    "last_name": "",
    "email": "",
    "is_staff": false,
    "is_active": true,
    "date_joined": "2026-01-08T14:01:45.679Z",
    "user_type": "student",
    "phone": "",
    "address": "",
    "profile_picture": "",
    "groups": [],
    "user_permissions": []
  }
},
{
  "model": "accounts.user",
  "pk": 89,
  "fields": {
    "password": "pbkdf2_sha256$720000$oY6R5FapxdLuWnUPHVPTo3$b5PBpn91mr8nrqNOCYGPjm0TYr9iSvVTG4FIQXSZBEU=",
    "last_login": null,
    "is_superuser": false,
    "username": "fuseiniafishetu2",
    "first_name": "Fuseini Afishetu",
    "last_name": "",
    "email": "",
    "is_staff": false,
    "is_active": true,
    "date_joined": "2026-01-08T14:01:46.133Z",
    "user_type": "student",
    "phone": "",
    "address": "",
    "profile_picture": "",
    "groups": [],
    "user_permissions": []
  }
},
{
  "model": "accounts.user",
  "pk": 90,
  "fields": {
    "password": "pbkdf2_sha256$720000$7AZckdN2GDBUkjRFxMgs4k$Q225QIWoPNQ64Id7R1S2WfjD35D/3NYLLqUL1y5YJ54=",
    "last_login": null,
    "is_superuser": false,
    "username": "ganiwbarkisu2",
    "first_name": "Ganiw Barkisu",
    "last_name": "",
    "email": "",
    "is_staff": false,
    "is_active": true,
    "date_joined": "2026-01-08T14:01:46.564Z",
    "user_type": "student",
    "phone": "",
    "address": "",
    "profile_picture": "",
    "groups": [],
    "user_permissions": []
  }
},
{
  "model": "accounts.user",
  "pk": 91,
  "fields": {
    "password": "pbkdf2_sha256$720000$iRTcuieoXfw3x26X88Gfxa$aQbjpo8SHYGevmaPMfdtPk+ibLfxBTtx260YsirW8wI=",
    "last_login": null,
    "is_superuser": false,
    "username": "hadiafraw2",
    "first_name": "Hadi Afraw",
    "last_name": "",
    "email": "",
    "is_staff": false,
    "is_active": true,
    "date_joined": "2026-01-08T14:01:47.052Z",
    "user_type": "student",
    "phone": "",
    "address": "",
    "profile_picture": "",
    "groups": [],
    "user_permissions": []
  }
},
{
  "model": "accounts.user",
  "pk": 92,
  "fields": {
    "password": "pbkdf2_sha256$720000$3TdxwMuLBrk3SGrXRi5uPA$va40IYD2tVt2UlsI7p/kl4wKQNDqQH7SO6Y35OZF9WY=",
    "last_login": null,
    "is_superuser": false,
    "username": "karimmariam2",
    "first_name": "Karim Mariam",
    "last_name": "",
    "email": "",
    "is_staff": false,
    "is_active": true,
    "date_joined": "2026-01-08T14:01:47.531Z",
    "user_type": "student",
    "phone": "",
    "address": "",
    "profile_picture": "",
    "groups": [],
    "user_permissions": []
  }
},
{
  "model": "accounts.user",
  "pk": 93,
  "fields": {
    "password": "pbkdf2_sha256$720000$hGNjzpfWhxdHY0F7e3zoaG$RjOhbKq1lgz4Tj5wqGaPYpoiFiRQUUU1Sen6RqPNPxk=",
    "last_login": null,
    "is_superuser": false,
    "username": "kudjohikmatu2",
    "first_name": "Kudjo Hikmatu",
    "last_name": "",
    "email": "",
    "is_staff": false,
    "is_active": true,
    "date_joined": "2026-01-08T14:01:47.964Z",
    "user_type": "student",
    "phone": "",
    "address": "",
    "profile_picture": "",
    "groups": [],
    "user_permissions": []
  }
},
{
  "model": "accounts.user",
  "pk": 94,
  "fields": {
    "password": "pbkdf2_sha256$720000$dhC1lxDrnS9ZJDljYS8mZ0$wmaRU2M4Uo2vqsSEfyP7E7pnnAYkb3FJbAK7VxRXokA=",
    "last_login": null,
    "is_superuser": false,
    "username": "mohammedruhaina2",
    "first_name": "Mohammed Ruhaina",
    "last_name": "",
    "email": "",
    "is_staff": false,
    "is_active": true,
    "date_joined": "2026-01-08T14:01:48.452Z",
    "user_type": "student",
    "phone": "",
    "address": "",
    "profile_picture": "",
    "groups": [],
    "user_permissions": []
  }
},
{
  "model": "accounts.user",
  "pk": 95,
  "fields": {
    "password": "pbkdf2_sha256$720000$FFGcKn7onBAdCCKrGM88tJ$jLK05IXHYtaC7WjxnKyezRZ3tfMPGJtzUqapIIxhemc=",
    "last_login": null,
    "is_superuser": false,
    "username": "mumunimaweya2",
    "first_name": "Mumuni Maweya",
    "last_name": "",
    "email": "",
    "is_staff": false,
    "is_active": true,
    "date_joined": "2026-01-08T14:01:48.901Z",
    "user_type": "student",
    "phone": "",
    "address": "",
    "profile_picture": "",
    "groups": [],
    "user_permissions": []
  }
},
{
  "model": "accounts.user",
  "pk": 96,
  "fields": {
    "password": "pbkdf2_sha256$720000$xi57rN8zxnEDXagiCSPxs7$RTH80ANkYMtRTHoTcT0f0bqO9QaWdZxnXNETJvmomMU=",
    "last_login": null,
    "is_superuser": false,
    "username": "ridwaniklimatu2",
    "first_name": "Ridwan Iklimatu",
    "last_name": "",
    "email": "",
    "is_staff": false,
    "is_active": true,
    "date_joined": "2026-01-08T14:01:49.357Z",
    "user_type": "student",
    "phone": "",
    "address": "",
    "profile_picture": "",
    "groups": [],
    "user_permissions": []
  }
},
{
  "model": "accounts.user",
  "pk": 97,
  "fields": {
    "password": "pbkdf2_sha256$720000$oZxS2forr1btfevGGF2ZhV$l1sx0H1uLhH1lCApgqlM/hLmKjWvfNliaA11WCfSgXM=",
    "last_login": null,
    "is_superuser": false,
    "username": "shaibuleena2",
    "first_name": "Shaibu Leena",
    "last_name": "",
    "email": "",
    "is_staff": false,
    "is_active": true,
    "date_joined": "2026-01-08T14:01:49.802Z",
    "user_type": "student",
    "phone": "",
    "address": "",
    "profile_picture": "",
    "groups": [],
    "user_permissions": []
  }
},
{
  "model": "accounts.user",
  "pk": 98,
  "fields": {
    "password": "pbkdf2_sha256$720000$vLBU7ba29pwOrhA1RqKYEo$HJkoi28pTgoyV4qmMdkQR2p+DdPhLfLimJ8WOAIb1Eg=",
    "last_login": null,
    "is_superuser": false,
    "username": "sulemanaetsan2",
    "first_name": "Sulemana Etsan",
    "last_name": "",
    "email": "",
    "is_staff": false,
    "is_active": true,
    "date_joined": "2026-01-08T14:01:50.287Z",
    "user_type": "student",
    "phone": "",
    "address": "",
    "profile_picture": "",
    "groups": [],
    "user_permissions": []
  }
},
{
  "model": "accounts.user",
  "pk": 99,
  "fields": {
    "password": "pbkdf2_sha256$720000$tO4QOWUelcnlTXzbhEJhAI$Ec9lAQ9d1QBCs86cogg6v3kdfb0tjcK9Pe5eKF+QOrU=",
    "last_login": null,
    "is_superuser": false,
    "username": "sumanishakira2",
    "first_name": "Sumani Shakira",
    "last_name": "",
    "email": "",
    "is_staff": false,
    "is_active": true,
    "date_joined": "2026-01-08T14:01:50.776Z",
    "user_type": "student",
    "phone": "",
    "address": "",
    "profile_picture": "",
    "groups": [],
    "user_permissions": []
  }
},
{
  "model": "accounts.user",
  "pk": 100,
  "fields": {
    "password": "pbkdf2_sha256$720000$X6xwNhMsqFMQFcmI3AwI2u$k4SiOqhTnZtBHw95v3282lPkrv+ZKUEQbbLJNGu0kvE=",
    "last_login": null,
    "is_superuser": false,
    "username": "sumailamagfira2",
    "first_name": "Sumaila Magfira",
    "last_name": "",
    "email": "",
    "is_staff": false,
    "is_active": true,
    "date_joined": "2026-01-08T14:01:51.252Z",
    "user_type": "student",
    "phone": "",
    "address": "",
    "profile_picture": "",
    "groups": [],
    "user_permissions": []
  }
},
{
  "model": "accounts.user",
  "pk": 101,
  "fields": {
    "password": "pbkdf2_sha256$720000$MJDIyUjfMxWuSeKz5UQuKU$ium+zDN2UOPb/atr2N0K7YetqShdc/A99VvuHB+DjfA=",
    "last_login": null,
    "is_superuser": false,
    "username": "umarkhadija2",
    "first_name": "Umar Khadija",
    "last_name": "",
    "email": "",
    "is_staff": false,
    "is_active": true,
    "date_joined": "2026-01-08T14:01:51.701Z",
    "user_type": "student",
    "phone": "",
    "address": "",
    "profile_picture": "",
    "groups": [],
    "user_permissions": []
  }
},
{
  "model": "accounts.user",
  "pk": 102,
  "fields": {
    "password": "pbkdf2_sha256$720000$E83Z2HQQwvFZTyGVWdnwtX$k4FTHnxrtA7sMacViMQbHk6mkG66/h5UhgnW1NHmSDY=",
    "last_login": null,
    "is_superuser": false,
    "username": "yakuburauda2",
    "first_name": "Yakubu Rauda",
    "last_name": "",
    "email": "",
    "is_staff": false,
    "is_active": true,
    "date_joined": "2026-01-08T14:01:52.132Z",
    "user_type": "student",
    "phone": "",
    "address": "",
    "profile_picture": "",
    "groups": [],
    "user_permissions": []
  }
},
{
  "model": "accounts.user",
  "pk": 103,
  "fields": {
    "password": "pbkdf2_sha256$720000$D7SsrF7H8PHSPrTF8LFXjE$DTKZV5k5WAZM7qu2CLDCvdjpViPl3OWbLks5k4Y6PB4=",
    "last_login": null,
    "is_superuser": false,
    "username": "yussifkawusada2",
    "first_name": "Yussif Kawusada",
    "last_name": "",
    "email": "",
    "is_staff": false,
    "is_active": true,
    "date_joined": "2026-01-08T14:01:52.568Z",
    "user_type": "student",
    "phone": "",
    "address": "",
    "profile_picture": "",
    "groups": [],
    "user_permissions": []
  }
},
{
  "model": "accounts.user",
  "pk": 104,
  "fields": {
    "password": "pbkdf2_sha256$720000$KwUDZS2zb8b0INy7nwQpEQ$Y54CfVJbnx4QDvlkK70smP34ta6RowQjnugtHukPOeE=",
    "last_login": null,
    "is_superuser": false,
    "username": "zakariarahimah2",
    "first_name": "Zakaria Rahimah",
    "last_name": "",
    "email": "",
    "is_staff": false,
    "is_active": true,
    "date_joined": "2026-01-08T14:01:53.041Z",
    "user_type": "student",
    "phone": "",
    "address": "",
    "profile_picture": "",
    "groups": [],
    "user_permissions": []
  }
},
{
  "model": "accounts.user",
  "pk": 105,
  "fields": {
    "password": "pbkdf2_sha256$720000$DBxKryzQ0Vb9YesIytfZ1Z$XXb6J+Z9UlFrmmmhBT5teZwbTilTjX3hRnr0qXRRRLI=",
    "last_login": null,
    "is_superuser": false,
    "username": "zakariasuturatu2",
    "first_name": "Zakaria Suturatu",
    "last_name": "",
    "email": "",
    "is_staff": false,
    "is_active": true,
    "date_joined": "2026-01-08T14:01:53.484Z",
    "user_type": "student",
    "phone": "",
    "address": "",
    "profile_picture": "",
    "groups": [],
    "user_permissions": []
  }
},
{
  "model": "accounts.user",
  "pk": 106,
  "fields": {
    "password": "pbkdf2_sha256$720000$3nxwfRMIhZoDAHKJjOtz4V$SArB8GR/uPbpObFd+QTxqVijEbxMswTMqhrsZ6/gYms=",
    "last_login": "2026-01-08T15:13:24.744Z",
    "is_superuser": false,
    "username": "bnurudeen90",
    "first_name": "Bakuri Nurudeen",
    "last_name": "",
    "email": "bnurudeen90@gmail.com",
    "is_staff": false,
    "is_active": true,
    "date_joined": "2026-01-08T14:12:07.101Z",
    "user_type": "teacher",
    "phone": "",
    "address": "",
    "profile_picture": "",
    "groups": [],
    "user_permissions": []
  }
},
{
  "model": "accounts.user",
  "pk": 107,
  "fields": {
    "password": "pbkdf2_sha256$720000$CevP5UZNnqPtCeZ7O5Km32$lP0wurtmnjgVZAJKEMKFK1fdx853TQ7wMHRvFRDDi1U=",
    "last_login": null,
    "is_superuser": false,
    "username": "saaluu7",
    "first_name": "Suale Sulemana",
    "last_name": "",
    "email": "saaluu7@gmail.com",
    "is_staff": false,
    "is_active": true,
    "date_joined": "2026-01-08T14:12:07Z",
    "user_type": "teacher",
    "phone": "",
    "address": "",
    "profile_picture": "",
    "groups": [],
    "user_permissions": []
  }
},
{
  "model": "accounts.user",
  "pk": 108,
  "fields": {
    "password": "pbkdf2_sha256$720000$KvqVPZ0ecmYCrotp4Ywx2S$obnd1zXCvudYBBRFYuae8QQ+/aJSxN7pM3VzebfMsoU=",
    "last_login": null,
    "is_superuser": false,
    "username": "issahmuka1",
    "first_name": "Career Technology",
    "last_name": "",
    "email": "issahmuka1@gmail.com",
    "is_staff": false,
    "is_active": true,
    "date_joined": "2026-01-08T14:12:08.185Z",
    "user_type": "teacher",
    "phone": "",
    "address": "",
    "profile_picture": "",
    "groups": [],
    "user_permissions": []
  }
},
{
  "model": "accounts.user",
  "pk": 109,
  "fields": {
    "password": "pbkdf2_sha256$720000$AixcTK0ApSDcl1U67tLEOh$QoKpJEuOuzEbS+3dVpniYW0rsPSC11MGV6J58seII4k=",
    "last_login": null,
    "is_superuser": false,
    "username": "aliduabdulwahab03",
    "first_name": "Alidu Abdul Wahab",
    "last_name": "",
    "email": "aliduabdulwahab03@gmail.com",
    "is_staff": false,
    "is_active": true,
    "date_joined": "2026-01-08T14:12:08.699Z",
    "user_type": "teacher",
    "phone": "",
    "address": "",
    "profile_picture": "",
    "groups": [],
    "user_permissions": []
  }
},
{
  "model": "accounts.user",
  "pk": 110,
  "fields": {
    "password": "pbkdf2_sha256$720000$IK3mUogKRgAPXa5g2MiaFJ$AtDN8XNmJ1zN8fH9iB/WPwrG1KYoyx7nrXCYr/IvOp4=",
    "last_login": null,
    "is_superuser": false,
    "username": "saakaadiata9",
    "first_name": "Saaka Adiata",
    "last_name": "",
    "email": "saakaadiata9@gmail.com",
    "is_staff": false,
    "is_active": true,
    "date_joined": "2026-01-08T14:12:09.172Z",
    "user_type": "teacher",
    "phone": "",
    "address": "",
    "profile_picture": "",
    "groups": [],
    "user_permissions": []
  }
},
{
  "model": "accounts.user",
  "pk": 111,
  "fields": {
    "password": "pbkdf2_sha256$720000$QztV4ZyNKYUrXOyxv8eHTG$ChOytgdGYoceTiZWj6K6kjwGFQKKgFUGHx+NeTbguOE=",
    "last_login": null,
    "is_superuser": false,
    "username": "aduasamoahfaustina35",
    "first_name": "Adu Asamoah Faustina",
    "last_name": "",
    "email": "aduasamoahfaustina35@gmail.com",
    "is_staff": false,
    "is_active": true,
    "date_joined": "2026-01-08T14:12:59.106Z",
    "user_type": "teacher",
    "phone": "",
    "address": "",
    "profile_picture": "",
    "groups": [],
    "user_permissions": []
  }
},
{
  "model": "accounts.user",
  "pk": 112,
  "fields": {
    "password": "pbkdf2_sha256$720000$5jAOxnqEdJ7uOXxsda4enM$29bGnvMvVOqd/bne+HvrTqDLY6P+xD1KDkKBpTv86cc=",
    "last_login": null,
    "is_superuser": false,
    "username": "kunate98",
    "first_name": "Zakaria Mohammed Aminu",
    "last_name": "",
    "email": "kunate98@gmail.com",
    "is_staff": false,
    "is_active": true,
    "date_joined": "2026-01-08T14:12:59.660Z",
    "user_type": "teacher",
    "phone": "",
    "address": "",
    "profile_picture": "",
    "groups": [],
    "user_permissions": []
  }
},
{
  "model": "students.student",
  "pk": 9,
  "fields": {
    "user": [
      "abdulaifatina"
    ],
    "admission_number": "B7-001",
    "date_of_birth": "2012-01-01",
    "gender": "female",
    "date_of_admission": "2026-01-08",
    "current_class": 6,
    "roll_number": "1",
    "blood_group": "",
    "emergency_contact": "N/A"
  }
},
{
  "model": "students.student",
  "pk": 10,
  "fields": {
    "user": [
      "abdulaishams"
    ],
    "admission_number": "B7-002",
    "date_of_birth": "2012-01-01",
    "gender": "female",
    "date_of_admission": "2026-01-08",
    "current_class": 6,
    "roll_number": "2",
    "blood_group": "",
    "emergency_contact": "N/A"
  }
},
{
  "model": "students.student",
  "pk": 11,
  "fields": {
    "user": [
      "mordecaiphilomina"
    ],
    "admission_number": "B7-003",
    "date_of_birth": "2012-01-01",
    "gender": "female",
    "date_of_admission": "2026-01-08",
    "current_class": 6,
    "roll_number": "3",
    "blood_group": "",
    "emergency_contact": "N/A"
  }
},
{
  "model": "students.student",
  "pk": 12,
  "fields": {
    "user": [
      "ibrahimrahinatu"
    ],
    "admission_number": "B7-004",
    "date_of_birth": "2012-01-01",
    "gender": "female",
    "date_of_admission": "2026-01-08",
    "current_class": 6,
    "roll_number": "4",
    "blood_group": "",
    "emergency_contact": "N/A"
  }
},
{
  "model": "students.student",
  "pk": 13,
  "fields": {
    "user": [
      "iddrisuhafsat"
    ],
    "admission_number": "B7-005",
    "date_of_birth": "2012-01-01",
    "gender": "female",
    "date_of_admission": "2026-01-08",
    "current_class": 6,
    "roll_number": "5",
    "blood_group": "",
    "emergency_contact": "N/A"
  }
},
{
  "model": "students.student",
  "pk": 14,
  "fields": {
    "user": [
      "iddrisurahana"
    ],
    "admission_number": "B7-006",
    "date_of_birth": "2012-01-01",
    "gender": "female",
    "date_of_admission": "2026-01-08",
    "current_class": 6,
    "roll_number": "6",
    "blood_group": "",
    "emergency_contact": "N/A"
  }
},
{
  "model": "students.student",
  "pk": 15,
  "fields": {
    "user": [
      "mohammedmusina"
    ],
    "admission_number": "B7-007",
    "date_of_birth": "2012-01-01",
    "gender": "female",
    "date_of_admission": "2026-01-08",
    "current_class": 6,
    "roll_number": "7",
    "blood_group": "",
    "emergency_contact": "N/A"
  }
},
{
  "model": "students.student",
  "pk": 16,
  "fields": {
    "user": [
      "mohammedmufida"
    ],
    "admission_number": "B7-008",
    "date_of_birth": "2012-01-01",
    "gender": "female",
    "date_of_admission": "2026-01-08",
    "current_class": 6,
    "roll_number": "8",
    "blood_group": "",
    "emergency_contact": "N/A"
  }
},
{
  "model": "students.student",
  "pk": 17,
  "fields": {
    "user": [
      "mohammedsamarat"
    ],
    "admission_number": "B7-009",
    "date_of_birth": "2012-01-01",
    "gender": "female",
    "date_of_admission": "2026-01-08",
    "current_class": 6,
    "roll_number": "9",
    "blood_group": "",
    "emergency_contact": "N/A"
  }
},
{
  "model": "students.student",
  "pk": 18,
  "fields": {
    "user": [
      "munirusofia"
    ],
    "admission_number": "B7-010",
    "date_of_birth": "2012-01-01",
    "gender": "female",
    "date_of_admission": "2026-01-08",
    "current_class": 6,
    "roll_number": "10",
    "blood_group": "",
    "emergency_contact": "N/A"
  }
},
{
  "model": "students.student",
  "pk": 19,
  "fields": {
    "user": [
      "nafiwuelham"
    ],
    "admission_number": "B7-011",
    "date_of_birth": "2012-01-01",
    "gender": "female",
    "date_of_admission": "2026-01-08",
    "current_class": 6,
    "roll_number": "11",
    "blood_group": "",
    "emergency_contact": "N/A"
  }
},
{
  "model": "students.student",
  "pk": 20,
  "fields": {
    "user": [
      "nuhurafiya"
    ],
    "admission_number": "B7-012",
    "date_of_birth": "2012-01-01",
    "gender": "female",
    "date_of_admission": "2026-01-08",
    "current_class": 6,
    "roll_number": "12",
    "blood_group": "",
    "emergency_contact": "N/A"
  }
},
{
  "model": "students.student",
  "pk": 21,
  "fields": {
    "user": [
      "salamzeinab"
    ],
    "admission_number": "B7-013",
    "date_of_birth": "2012-01-01",
    "gender": "female",
    "date_of_admission": "2026-01-08",
    "current_class": 6,
    "roll_number": "13",
    "blood_group": "",
    "emergency_contact": "N/A"
  }
},
{
  "model": "students.student",
  "pk": 22,
  "fields": {
    "user": [
      "shakurusobida"
    ],
    "admission_number": "B7-014",
    "date_of_birth": "2012-01-01",
    "gender": "female",
    "date_of_admission": "2026-01-08",
    "current_class": 6,
    "roll_number": "14",
    "blood_group": "",
    "emergency_contact": "N/A"
  }
},
{
  "model": "students.student",
  "pk": 23,
  "fields": {
    "user": [
      "sumailamujana"
    ],
    "admission_number": "B7-015",
    "date_of_birth": "2012-01-01",
    "gender": "female",
    "date_of_admission": "2026-01-08",
    "current_class": 6,
    "roll_number": "15",
    "blood_group": "",
    "emergency_contact": "N/A"
  }
},
{
  "model": "students.student",
  "pk": 24,
  "fields": {
    "user": [
      "tahirutawakaltu"
    ],
    "admission_number": "B7-016",
    "date_of_birth": "2012-01-01",
    "gender": "female",
    "date_of_admission": "2026-01-08",
    "current_class": 6,
    "roll_number": "16",
    "blood_group": "",
    "emergency_contact": "N/A"
  }
},
{
  "model": "students.student",
  "pk": 25,
  "fields": {
    "user": [
      "teibujazaw"
    ],
    "admission_number": "B7-017",
    "date_of_birth": "2012-01-01",
    "gender": "female",
    "date_of_admission": "2026-01-08",
    "current_class": 6,
    "roll_number": "17",
    "blood_group": "",
    "emergency_contact": "N/A"
  }
},
{
  "model": "students.student",
  "pk": 26,
  "fields": {
    "user": [
      "teiburahma"
    ],
    "admission_number": "B7-018",
    "date_of_birth": "2012-01-01",
    "gender": "female",
    "date_of_admission": "2026-01-08",
    "current_class": 6,
    "roll_number": "18",
    "blood_group": "",
    "emergency_contact": "N/A"
  }
},
{
  "model": "students.student",
  "pk": 27,
  "fields": {
    "user": [
      "yakubusuraya"
    ],
    "admission_number": "B7-019",
    "date_of_birth": "2012-01-01",
    "gender": "female",
    "date_of_admission": "2026-01-08",
    "current_class": 6,
    "roll_number": "19",
    "blood_group": "",
    "emergency_contact": "N/A"
  }
},
{
  "model": "students.student",
  "pk": 28,
  "fields": {
    "user": [
      "yawfarhana"
    ],
    "admission_number": "B7-020",
    "date_of_birth": "2012-01-01",
    "gender": "female",
    "date_of_admission": "2026-01-08",
    "current_class": 6,
    "roll_number": "20",
    "blood_group": "",
    "emergency_contact": "N/A"
  }
},
{
  "model": "students.student",
  "pk": 29,
  "fields": {
    "user": [
      "abdulrashidruhaina"
    ],
    "admission_number": "B8-001",
    "date_of_birth": "2011-01-01",
    "gender": "female",
    "date_of_admission": "2026-01-08",
    "current_class": 7,
    "roll_number": "1",
    "blood_group": "",
    "emergency_contact": "N/A"
  }
},
{
  "model": "students.student",
  "pk": 30,
  "fields": {
    "user": [
      "alhassanhariya"
    ],
    "admission_number": "B8-002",
    "date_of_birth": "2011-01-01",
    "gender": "female",
    "date_of_admission": "2026-01-08",
    "current_class": 7,
    "roll_number": "2",
    "blood_group": "",
    "emergency_contact": "N/A"
  }
},
{
  "model": "students.student",
  "pk": 31,
  "fields": {
    "user": [
      "alhassannasia"
    ],
    "admission_number": "B8-003",
    "date_of_birth": "2011-01-01",
    "gender": "female",
    "date_of_admission": "2026-01-08",
    "current_class": 7,
    "roll_number": "3",
    "blood_group": "",
    "emergency_contact": "N/A"
  }
},
{
  "model": "students.student",
  "pk": 32,
  "fields": {
    "user": [
      "alhassanyussiranatu"
    ],
    "admission_number": "B8-004",
    "date_of_birth": "2011-01-01",
    "gender": "female",
    "date_of_admission": "2026-01-08",
    "current_class": 7,
    "roll_number": "4",
    "blood_group": "",
    "emergency_contact": "N/A"
  }
},
{
  "model": "students.student",
  "pk": 33,
  "fields": {
    "user": [
      "awalfawzia"
    ],
    "admission_number": "B8-005",
    "date_of_birth": "2011-01-01",
    "gender": "female",
    "date_of_admission": "2026-01-08",
    "current_class": 7,
    "roll_number": "5",
    "blood_group": "",
    "emergency_contact": "N/A"
  }
},
{
  "model": "students.student",
  "pk": 34,
  "fields": {
    "user": [
      "iddrisushameda"
    ],
    "admission_number": "B8-006",
    "date_of_birth": "2011-01-01",
    "gender": "female",
    "date_of_admission": "2026-01-08",
    "current_class": 7,
    "roll_number": "6",
    "blood_group": "",
    "emergency_contact": "N/A"
  }
},
{
  "model": "students.student",
  "pk": 35,
  "fields": {
    "user": [
      "jimahrashida"
    ],
    "admission_number": "B8-007",
    "date_of_birth": "2011-01-01",
    "gender": "female",
    "date_of_admission": "2026-01-08",
    "current_class": 7,
    "roll_number": "7",
    "blood_group": "",
    "emergency_contact": "N/A"
  }
},
{
  "model": "students.student",
  "pk": 36,
  "fields": {
    "user": [
      "masahuduayisha"
    ],
    "admission_number": "B8-008",
    "date_of_birth": "2011-01-01",
    "gender": "female",
    "date_of_admission": "2026-01-08",
    "current_class": 7,
    "roll_number": "8",
    "blood_group": "",
    "emergency_contact": "N/A"
  }
},
{
  "model": "students.student",
  "pk": 37,
  "fields": {
    "user": [
      "mohammedhariya"
    ],
    "admission_number": "B8-009",
    "date_of_birth": "2011-01-01",
    "gender": "female",
    "date_of_admission": "2026-01-08",
    "current_class": 7,
    "roll_number": "9",
    "blood_group": "",
    "emergency_contact": "N/A"
  }
},
{
  "model": "students.student",
  "pk": 38,
  "fields": {
    "user": [
      "musahkamariatu"
    ],
    "admission_number": "B8-010",
    "date_of_birth": "2011-01-01",
    "gender": "female",
    "date_of_admission": "2026-01-08",
    "current_class": 7,
    "roll_number": "10",
    "blood_group": "",
    "emergency_contact": "N/A"
  }
},
{
  "model": "students.student",
  "pk": 39,
  "fields": {
    "user": [
      "seidumuyashira"
    ],
    "admission_number": "B8-011",
    "date_of_birth": "2011-01-01",
    "gender": "female",
    "date_of_admission": "2026-01-08",
    "current_class": 7,
    "roll_number": "11",
    "blood_group": "",
    "emergency_contact": "N/A"
  }
},
{
  "model": "students.student",
  "pk": 40,
  "fields": {
    "user": [
      "sharifosmannadra"
    ],
    "admission_number": "B8-012",
    "date_of_birth": "2011-01-01",
    "gender": "female",
    "date_of_admission": "2026-01-08",
    "current_class": 7,
    "roll_number": "12",
    "blood_group": "",
    "emergency_contact": "N/A"
  }
},
{
  "model": "students.student",
  "pk": 41,
  "fields": {
    "user": [
      "sulemanahanatu"
    ],
    "admission_number": "B8-013",
    "date_of_birth": "2011-01-01",
    "gender": "female",
    "date_of_admission": "2026-01-08",
    "current_class": 7,
    "roll_number": "13",
    "blood_group": "",
    "emergency_contact": "N/A"
  }
},
{
  "model": "students.student",
  "pk": 42,
  "fields": {
    "user": [
      "waliawismatu"
    ],
    "admission_number": "B8-014",
    "date_of_birth": "2011-01-01",
    "gender": "female",
    "date_of_admission": "2026-01-08",
    "current_class": 7,
    "roll_number": "14",
    "blood_group": "",
    "emergency_contact": "N/A"
  }
},
{
  "model": "students.student",
  "pk": 43,
  "fields": {
    "user": [
      "yakubuzaraw"
    ],
    "admission_number": "B8-015",
    "date_of_birth": "2011-01-01",
    "gender": "female",
    "date_of_admission": "2026-01-08",
    "current_class": 7,
    "roll_number": "15",
    "blood_group": "",
    "emergency_contact": "N/A"
  }
},
{
  "model": "students.student",
  "pk": 44,
  "fields": {
    "user": [
      "abdulaimariam"
    ],
    "admission_number": "B9-001",
    "date_of_birth": "2010-01-01",
    "gender": "female",
    "date_of_admission": "2026-01-08",
    "current_class": 8,
    "roll_number": "1",
    "blood_group": "",
    "emergency_contact": "N/A"
  }
},
{
  "model": "students.student",
  "pk": 45,
  "fields": {
    "user": [
      "abuzuleiha"
    ],
    "admission_number": "B9-002",
    "date_of_birth": "2010-01-01",
    "gender": "female",
    "date_of_admission": "2026-01-08",
    "current_class": 8,
    "roll_number": "2",
    "blood_group": "",
    "emergency_contact": "N/A"
  }
},
{
  "model": "students.student",
  "pk": 46,
  "fields": {
    "user": [
      "adamasana"
    ],
    "admission_number": "B9-003",
    "date_of_birth": "2010-01-01",
    "gender": "female",
    "date_of_admission": "2026-01-08",
    "current_class": 8,
    "roll_number": "3",
    "blood_group": "",
    "emergency_contact": "N/A"
  }
},
{
  "model": "students.student",
  "pk": 47,
  "fields": {
    "user": [
      "adamzainab"
    ],
    "admission_number": "B9-004",
    "date_of_birth": "2010-01-01",
    "gender": "female",
    "date_of_admission": "2026-01-08",
    "current_class": 8,
    "roll_number": "4",
    "blood_group": "",
    "emergency_contact": "N/A"
  }
},
{
  "model": "students.student",
  "pk": 48,
  "fields": {
    "user": [
      "akatibarkisu"
    ],
    "admission_number": "B9-005",
    "date_of_birth": "2010-01-01",
    "gender": "female",
    "date_of_admission": "2026-01-08",
    "current_class": 8,
    "roll_number": "5",
    "blood_group": "",
    "emergency_contact": "N/A"
  }
},
{
  "model": "students.student",
  "pk": 49,
  "fields": {
    "user": [
      "alhassanharifa"
    ],
    "admission_number": "B9-006",
    "date_of_birth": "2010-01-01",
    "gender": "female",
    "date_of_admission": "2026-01-08",
    "current_class": 8,
    "roll_number": "6",
    "blood_group": "",
    "emergency_contact": "N/A"
  }
},
{
  "model": "students.student",
  "pk": 50,
  "fields": {
    "user": [
      "alhassantabdila"
    ],
    "admission_number": "B9-007",
    "date_of_birth": "2010-01-01",
    "gender": "female",
    "date_of_admission": "2026-01-08",
    "current_class": 8,
    "roll_number": "7",
    "blood_group": "",
    "emergency_contact": "N/A"
  }
},
{
  "model": "students.student",
  "pk": 51,
  "fields": {
    "user": [
      "amankwaelham"
    ],
    "admission_number": "B9-008",
    "date_of_birth": "2010-01-01",
    "gender": "female",
    "date_of_admission": "2026-01-08",
    "current_class": 8,
    "roll_number": "8",
    "blood_group": "",
    "emergency_contact": "N/A"
  }
},
{
  "model": "students.student",
  "pk": 52,
  "fields": {
    "user": [
      "atchulomfarida"
    ],
    "admission_number": "B9-009",
    "date_of_birth": "2010-01-01",
    "gender": "female",
    "date_of_admission": "2026-01-08",
    "current_class": 8,
    "roll_number": "9",
    "blood_group": "",
    "emergency_contact": "N/A"
  }
},
{
  "model": "students.student",
  "pk": 53,
  "fields": {
    "user": [
      "beidulaiismatu"
    ],
    "admission_number": "B9-010",
    "date_of_birth": "2010-01-01",
    "gender": "female",
    "date_of_admission": "2026-01-08",
    "current_class": 8,
    "roll_number": "10",
    "blood_group": "",
    "emergency_contact": "N/A"
  }
},
{
  "model": "students.student",
  "pk": 54,
  "fields": {
    "user": [
      "fuseiniafishetu"
    ],
    "admission_number": "B9-011",
    "date_of_birth": "2010-01-01",
    "gender": "female",
    "date_of_admission": "2026-01-08",
    "current_class": 8,
    "roll_number": "11",
    "blood_group": "",
    "emergency_contact": "N/A"
  }
},
{
  "model": "students.student",
  "pk": 55,
  "fields": {
    "user": [
      "ganiwbarkisu"
    ],
    "admission_number": "B9-012",
    "date_of_birth": "2010-01-01",
    "gender": "female",
    "date_of_admission": "2026-01-08",
    "current_class": 8,
    "roll_number": "12",
    "blood_group": "",
    "emergency_contact": "N/A"
  }
},
{
  "model": "students.student",
  "pk": 56,
  "fields": {
    "user": [
      "hadiafraw"
    ],
    "admission_number": "B9-013",
    "date_of_birth": "2010-01-01",
    "gender": "female",
    "date_of_admission": "2026-01-08",
    "current_class": 8,
    "roll_number": "13",
    "blood_group": "",
    "emergency_contact": "N/A"
  }
},
{
  "model": "students.student",
  "pk": 57,
  "fields": {
    "user": [
      "karimmariam"
    ],
    "admission_number": "B9-014",
    "date_of_birth": "2010-01-01",
    "gender": "female",
    "date_of_admission": "2026-01-08",
    "current_class": 8,
    "roll_number": "14",
    "blood_group": "",
    "emergency_contact": "N/A"
  }
},
{
  "model": "students.student",
  "pk": 58,
  "fields": {
    "user": [
      "kudjohikmatu"
    ],
    "admission_number": "B9-015",
    "date_of_birth": "2010-01-01",
    "gender": "female",
    "date_of_admission": "2026-01-08",
    "current_class": 8,
    "roll_number": "15",
    "blood_group": "",
    "emergency_contact": "N/A"
  }
},
{
  "model": "students.student",
  "pk": 59,
  "fields": {
    "user": [
      "mohammedruhaina"
    ],
    "admission_number": "B9-016",
    "date_of_birth": "2010-01-01",
    "gender": "female",
    "date_of_admission": "2026-01-08",
    "current_class": 8,
    "roll_number": "16",
    "blood_group": "",
    "emergency_contact": "N/A"
  }
},
{
  "model": "students.student",
  "pk": 60,
  "fields": {
    "user": [
      "mumunimaweya"
    ],
    "admission_number": "B9-017",
    "date_of_birth": "2010-01-01",
    "gender": "female",
    "date_of_admission": "2026-01-08",
    "current_class": 8,
    "roll_number": "17",
    "blood_group": "",
    "emergency_contact": "N/A"
  }
},
{
  "model": "students.student",
  "pk": 61,
  "fields": {
    "user": [
      "ridwaniklimatu"
    ],
    "admission_number": "B9-018",
    "date_of_birth": "2010-01-01",
    "gender": "female",
    "date_of_admission": "2026-01-08",
    "current_class": 8,
    "roll_number": "18",
    "blood_group": "",
    "emergency_contact": "N/A"
  }
},
{
  "model": "students.student",
  "pk": 62,
  "fields": {
    "user": [
      "shaibuleena"
    ],
    "admission_number": "B9-019",
    "date_of_birth": "2010-01-01",
    "gender": "female",
    "date_of_admission": "2026-01-08",
    "current_class": 8,
    "roll_number": "19",
    "blood_group": "",
    "emergency_contact": "N/A"
  }
},
{
  "model": "students.student",
  "pk": 63,
  "fields": {
    "user": [
      "sulemanaetsan"
    ],
    "admission_number": "B9-020",
    "date_of_birth": "2010-01-01",
    "gender": "female",
    "date_of_admission": "2026-01-08",
    "current_class": 8,
    "roll_number": "20",
    "blood_group": "",
    "emergency_contact": "N/A"
  }
},
{
  "model": "students.student",
  "pk": 64,
  "fields": {
    "user": [
      "sumanishakira"
    ],
    "admission_number": "B9-021",
    "date_of_birth": "2010-01-01",
    "gender": "female",
    "date_of_admission": "2026-01-08",
    "current_class": 8,
    "roll_number": "21",
    "blood_group": "",
    "emergency_contact": "N/A"
  }
},
{
  "model": "students.student",
  "pk": 65,
  "fields": {
    "user": [
      "sumailamagfira"
    ],
    "admission_number": "B9-022",
    "date_of_birth": "2010-01-01",
    "gender": "female",
    "date_of_admission": "2026-01-08",
    "current_class": 8,
    "roll_number": "22",
    "blood_group": "",
    "emergency_contact": "N/A"
  }
},
{
  "model": "students.student",
  "pk": 66,
  "fields": {
    "user": [
      "umarkhadija"
    ],
    "admission_number": "B9-023",
    "date_of_birth": "2010-01-01",
    "gender": "female",
    "date_of_admission": "2026-01-08",
    "current_class": 8,
    "roll_number": "23",
    "blood_group": "",
    "emergency_contact": "N/A"
  }
},
{
  "model": "students.student",
  "pk": 67,
  "fields": {
    "user": [
      "yakuburauda"
    ],
    "admission_number": "B9-024",
    "date_of_birth": "2010-01-01",
    "gender": "female",
    "date_of_admission": "2026-01-08",
    "current_class": 8,
    "roll_number": "24",
    "blood_group": "",
    "emergency_contact": "N/A"
  }
},
{
  "model": "students.student",
  "pk": 68,
  "fields": {
    "user": [
      "yussifkawusada"
    ],
    "admission_number": "B9-025",
    "date_of_birth": "2010-01-01",
    "gender": "female",
    "date_of_admission": "2026-01-08",
    "current_class": 8,
    "roll_number": "25",
    "blood_group": "",
    "emergency_contact": "N/A"
  }
},
{
  "model": "students.student",
  "pk": 69,
  "fields": {
    "user": [
      "zakariarahimah"
    ],
    "admission_number": "B9-026",
    "date_of_birth": "2010-01-01",
    "gender": "female",
    "date_of_admission": "2026-01-08",
    "current_class": 8,
    "roll_number": "26",
    "blood_group": "",
    "emergency_contact": "N/A"
  }
},
{
  "model": "students.student",
  "pk": 70,
  "fields": {
    "user": [
      "zakariasuturatu"
    ],
    "admission_number": "B9-027",
    "date_of_birth": "2010-01-01",
    "gender": "female",
    "date_of_admission": "2026-01-08",
    "current_class": 8,
    "roll_number": "27",
    "blood_group": "",
    "emergency_contact": "N/A"
  }
},
{
  "model": "students.student",
  "pk": 71,
  "fields": {
    "user": [
      "abdulaimariam2"
    ],
    "admission_number": "B9-028",
    "date_of_birth": "2010-01-01",
    "gender": "female",
    "date_of_admission": "2026-01-08",
    "current_class": 8,
    "roll_number": "28",
    "blood_group": "",
    "emergency_contact": "N/A"
  }
},
{
  "model": "students.student",
  "pk": 72,
  "fields": {
    "user": [
      "abuzuleiha2"
    ],
    "admission_number": "B9-029",
    "date_of_birth": "2010-01-01",
    "gender": "female",
    "date_of_admission": "2026-01-08",
    "current_class": 8,
    "roll_number": "29",
    "blood_group": "",
    "emergency_contact": "N/A"
  }
},
{
  "model": "students.student",
  "pk": 73,
  "fields": {
    "user": [
      "adamasana2"
    ],
    "admission_number": "B9-030",
    "date_of_birth": "2010-01-01",
    "gender": "female",
    "date_of_admission": "2026-01-08",
    "current_class": 8,
    "roll_number": "30",
    "blood_group": "",
    "emergency_contact": "N/A"
  }
},
{
  "model": "students.student",
  "pk": 74,
  "fields": {
    "user": [
      "adamzainab2"
    ],
    "admission_number": "B9-031",
    "date_of_birth": "2010-01-01",
    "gender": "female",
    "date_of_admission": "2026-01-08",
    "current_class": 8,
    "roll_number": "31",
    "blood_group": "",
    "emergency_contact": "N/A"
  }
},
{
  "model": "students.student",
  "pk": 75,
  "fields": {
    "user": [
      "akatibarkisu2"
    ],
    "admission_number": "B9-032",
    "date_of_birth": "2010-01-01",
    "gender": "female",
    "date_of_admission": "2026-01-08",
    "current_class": 8,
    "roll_number": "32",
    "blood_group": "",
    "emergency_contact": "N/A"
  }
},
{
  "model": "students.student",
  "pk": 76,
  "fields": {
    "user": [
      "alhassanharifa2"
    ],
    "admission_number": "B9-033",
    "date_of_birth": "2010-01-01",
    "gender": "female",
    "date_of_admission": "2026-01-08",
    "current_class": 8,
    "roll_number": "33",
    "blood_group": "",
    "emergency_contact": "N/A"
  }
},
{
  "model": "students.student",
  "pk": 77,
  "fields": {
    "user": [
      "alhassantabdila2"
    ],
    "admission_number": "B9-034",
    "date_of_birth": "2010-01-01",
    "gender": "female",
    "date_of_admission": "2026-01-08",
    "current_class": 8,
    "roll_number": "34",
    "blood_group": "",
    "emergency_contact": "N/A"
  }
},
{
  "model": "students.student",
  "pk": 78,
  "fields": {
    "user": [
      "amankwaelham2"
    ],
    "admission_number": "B9-035",
    "date_of_birth": "2010-01-01",
    "gender": "female",
    "date_of_admission": "2026-01-08",
    "current_class": 8,
    "roll_number": "35",
    "blood_group": "",
    "emergency_contact": "N/A"
  }
},
{
  "model": "students.student",
  "pk": 79,
  "fields": {
    "user": [
      "atchulomfarida2"
    ],
    "admission_number": "B9-036",
    "date_of_birth": "2010-01-01",
    "gender": "female",
    "date_of_admission": "2026-01-08",
    "current_class": 8,
    "roll_number": "36",
    "blood_group": "",
    "emergency_contact": "N/A"
  }
},
{
  "model": "students.student",
  "pk": 80,
  "fields": {
    "user": [
      "beidulaiismatu2"
    ],
    "admission_number": "B9-037",
    "date_of_birth": "2010-01-01",
    "gender": "female",
    "date_of_admission": "2026-01-08",
    "current_class": 8,
    "roll_number": "37",
    "blood_group": "",
    "emergency_contact": "N/A"
  }
},
{
  "model": "students.student",
  "pk": 81,
  "fields": {
    "user": [
      "fuseiniafishetu2"
    ],
    "admission_number": "B9-038",
    "date_of_birth": "2010-01-01",
    "gender": "female",
    "date_of_admission": "2026-01-08",
    "current_class": 8,
    "roll_number": "38",
    "blood_group": "",
    "emergency_contact": "N/A"
  }
},
{
  "model": "students.student",
  "pk": 82,
  "fields": {
    "user": [
      "ganiwbarkisu2"
    ],
    "admission_number": "B9-039",
    "date_of_birth": "2010-01-01",
    "gender": "female",
    "date_of_admission": "2026-01-08",
    "current_class": 8,
    "roll_number": "39",
    "blood_group": "",
    "emergency_contact": "N/A"
  }
},
{
  "model": "students.student",
  "pk": 83,
  "fields": {
    "user": [
      "hadiafraw2"
    ],
    "admission_number": "B9-040",
    "date_of_birth": "2010-01-01",
    "gender": "female",
    "date_of_admission": "2026-01-08",
    "current_class": 8,
    "roll_number": "40",
    "blood_group": "",
    "emergency_contact": "N/A"
  }
},
{
  "model": "students.student",
  "pk": 84,
  "fields": {
    "user": [
      "karimmariam2"
    ],
    "admission_number": "B9-041",
    "date_of_birth": "2010-01-01",
    "gender": "female",
    "date_of_admission": "2026-01-08",
    "current_class": 8,
    "roll_number": "41",
    "blood_group": "",
    "emergency_contact": "N/A"
  }
},
{
  "model": "students.student",
  "pk": 85,
  "fields": {
    "user": [
      "kudjohikmatu2"
    ],
    "admission_number": "B9-042",
    "date_of_birth": "2010-01-01",
    "gender": "female",
    "date_of_admission": "2026-01-08",
    "current_class": 8,
    "roll_number": "42",
    "blood_group": "",
    "emergency_contact": "N/A"
  }
},
{
  "model": "students.student",
  "pk": 86,
  "fields": {
    "user": [
      "mohammedruhaina2"
    ],
    "admission_number": "B9-043",
    "date_of_birth": "2010-01-01",
    "gender": "female",
    "date_of_admission": "2026-01-08",
    "current_class": 8,
    "roll_number": "43",
    "blood_group": "",
    "emergency_contact": "N/A"
  }
},
{
  "model": "students.student",
  "pk": 87,
  "fields": {
    "user": [
      "mumunimaweya2"
    ],
    "admission_number": "B9-044",
    "date_of_birth": "2010-01-01",
    "gender": "female",
    "date_of_admission": "2026-01-08",
    "current_class": 8,
    "roll_number": "44",
    "blood_group": "",
    "emergency_contact": "N/A"
  }
},
{
  "model": "students.student",
  "pk": 88,
  "fields": {
    "user": [
      "ridwaniklimatu2"
    ],
    "admission_number": "B9-045",
    "date_of_birth": "2010-01-01",
    "gender": "female",
    "date_of_admission": "2026-01-08",
    "current_class": 8,
    "roll_number": "45",
    "blood_group": "",
    "emergency_contact": "N/A"
  }
},
{
  "model": "students.student",
  "pk": 89,
  "fields": {
    "user": [
      "shaibuleena2"
    ],
    "admission_number": "B9-046",
    "date_of_birth": "2010-01-01",
    "gender": "female",
    "date_of_admission": "2026-01-08",
    "current_class": 8,
    "roll_number": "46",
    "blood_group": "",
    "emergency_contact": "N/A"
  }
},
{
  "model": "students.student",
  "pk": 90,
  "fields": {
    "user": [
      "sulemanaetsan2"
    ],
    "admission_number": "B9-047",
    "date_of_birth": "2010-01-01",
    "gender": "female",
    "date_of_admission": "2026-01-08",
    "current_class": 8,
    "roll_number": "47",
    "blood_group": "",
    "emergency_contact": "N/A"
  }
},
{
  "model": "students.student",
  "pk": 91,
  "fields": {
    "user": [
      "sumanishakira2"
    ],
    "admission_number": "B9-048",
    "date_of_birth": "2010-01-01",
    "gender": "female",
    "date_of_admission": "2026-01-08",
    "current_class": 8,
    "roll_number": "48",
    "blood_group": "",
    "emergency_contact": "N/A"
  }
},
{
  "model": "students.student",
  "pk": 92,
  "fields": {
    "user": [
      "sumailamagfira2"
    ],
    "admission_number": "B9-049",
    "date_of_birth": "2010-01-01",
    "gender": "female",
    "date_of_admission": "2026-01-08",
    "current_class": 8,
    "roll_number": "49",
    "blood_group": "",
    "emergency_contact": "N/A"
  }
},
{
  "model": "students.student",
  "pk": 93,
  "fields": {
    "user": [
      "umarkhadija2"
    ],
    "admission_number": "B9-050",
    "date_of_birth": "2010-01-01",
    "gender": "female",
    "date_of_admission": "2026-01-08",
    "current_class": 8,
    "roll_number": "50",
    "blood_group": "",
    "emergency_contact": "N/A"
  }
},
{
  "model": "students.student",
  "pk": 94,
  "fields": {
    "user": [
      "yakuburauda2"
    ],
    "admission_number": "B9-051",
    "date_of_birth": "2010-01-01",
    "gender": "female",
    "date_of_admission": "2026-01-08",
    "current_class": 8,
    "roll_number": "51",
    "blood_group": "",
    "emergency_contact": "N/A"
  }
},
{
  "model": "students.student",
  "pk": 95,
  "fields": {
    "user": [
      "yussifkawusada2"
    ],
    "admission_number": "B9-052",
    "date_of_birth": "2010-01-01",
    "gender": "female",
    "date_of_admission": "2026-01-08",
    "current_class": 8,
    "roll_number": "52",
    "blood_group": "",
    "emergency_contact": "N/A"
  }
},
{
  "model": "students.student",
  "pk": 96,
  "fields": {
    "user": [
      "zakariarahimah2"
    ],
    "admission_number": "B9-053",
    "date_of_birth": "2010-01-01",
    "gender": "female",
    "date_of_admission": "2026-01-08",
    "current_class": 8,
    "roll_number": "53",
    "blood_group": "",
    "emergency_contact": "N/A"
  }
},
{
  "model": "students.student",
  "pk": 97,
  "fields": {
    "user": [
      "zakariasuturatu2"
    ],
    "admission_number": "B9-054",
    "date_of_birth": "2010-01-01",
    "gender": "female",
    "date_of_admission": "2026-01-08",
    "current_class": 8,
    "roll_number": "54",
    "blood_group": "",
    "emergency_contact": "N/A"
  }
},
{
  "model": "students.student",
  "pk": 98,
  "fields": {
    "user": [
      "student1"
    ],
    "admission_number": "S001",
    "date_of_birth": "2010-03-10",
    "gender": "female",
    "date_of_admission": "2023-09-01",
    "current_class": 9,
    "roll_number": "101",
    "blood_group": "",
    "emergency_contact": "+233244567890"
  }
},
{
  "model": "students.student",
  "pk": 99,
  "fields": {
    "user": [
      "student2"
    ],
    "admission_number": "S002",
    "date_of_birth": "2010-03-10",
    "gender": "male",
    "date_of_admission": "2023-09-01",
    "current_class": 9,
    "roll_number": "102",
    "blood_group": "",
    "emergency_contact": "+233244567890"
  }
},
{
  "model": "students.student",
  "pk": 100,
  "fields": {
    "user": [
      "student3"
    ],
    "admission_number": "S003",
    "date_of_birth": "2010-03-10",
    "gender": "female",
    "date_of_admission": "2023-09-01",
    "current_class": 9,
    "roll_number": "103",
    "blood_group": "",
    "emergency_contact": "+233244567890"
  }
},
{
  "model": "students.student",
  "pk": 101,
  "fields": {
    "user": [
      "student4"
    ],
    "admission_number": "S004",
    "date_of_birth": "2010-03-10",
    "gender": "male",
    "date_of_admission": "2023-09-01",
    "current_class": 9,
    "roll_number": "104",
    "blood_group": "",
    "emergency_contact": "+233244567890"
  }
},
{
  "model": "students.student",
  "pk": 102,
  "fields": {
    "user": [
      "student5"
    ],
    "admission_number": "S005",
    "date_of_birth": "2010-03-10",
    "gender": "female",
    "date_of_admission": "2023-09-01",
    "current_class": 10,
    "roll_number": "105",
    "blood_group": "",
    "emergency_contact": "+233244567890"
  }
},
{
  "model": "students.student",
  "pk": 103,
  "fields": {
    "user": [
      "student6"
    ],
    "admission_number": "S006",
    "date_of_birth": "2010-03-10",
    "gender": "male",
    "date_of_admission": "2023-09-01",
    "current_class": 10,
    "roll_number": "106",
    "blood_group": "",
    "emergency_contact": "+233244567890"
  }
},
{
  "model": "students.student",
  "pk": 104,
  "fields": {
    "user": [
      "student7"
    ],
    "admission_number": "S007",
    "date_of_birth": "2010-03-10",
    "gender": "female",
    "date_of_admission": "2023-09-01",
    "current_class": 11,
    "roll_number": "201",
    "blood_group": "",
    "emergency_contact": "+233244567890"
  }
},
{
  "model": "students.student",
  "pk": 105,
  "fields": {
    "user": [
      "student8"
    ],
    "admission_number": "S008",
    "date_of_birth": "2010-03-10",
    "gender": "male",
    "date_of_admission": "2023-09-01",
    "current_class": 11,
    "roll_number": "202",
    "blood_group": "",
    "emergency_contact": "+233244567890"
  }
},
{
  "model": "students.attendance",
  "pk": 31,
  "fields": {
    "student": 98,
    "date": "2026-01-09",
    "status": "present",
    "remarks": "",
    "marked_by": [
      "akonray"
    ]
  }
},
{
  "model": "students.attendance",
  "pk": 32,
  "fields": {
    "student": 99,
    "date": "2026-01-09",
    "status": "present",
    "remarks": "",
    "marked_by": [
      "akonray"
    ]
  }
},
{
  "model": "students.attendance",
  "pk": 33,
  "fields": {
    "student": 100,
    "date": "2026-01-09",
    "status": "present",
    "remarks": "",
    "marked_by": [
      "akonray"
    ]
  }
},
{
  "model": "students.attendance",
  "pk": 34,
  "fields": {
    "student": 98,
    "date": "2026-01-08",
    "status": "present",
    "remarks": "",
    "marked_by": [
      "akonray"
    ]
  }
},
{
  "model": "students.attendance",
  "pk": 35,
  "fields": {
    "student": 99,
    "date": "2026-01-08",
    "status": "present",
    "remarks": "",
    "marked_by": [
      "akonray"
    ]
  }
},
{
  "model": "students.attendance",
  "pk": 36,
  "fields": {
    "student": 100,
    "date": "2026-01-08",
    "status": "present",
    "remarks": "",
    "marked_by": [
      "akonray"
    ]
  }
},
{
  "model": "students.attendance",
  "pk": 37,
  "fields": {
    "student": 98,
    "date": "2026-01-07",
    "status": "present",
    "remarks": "",
    "marked_by": [
      "akonray"
    ]
  }
},
{
  "model": "students.attendance",
  "pk": 38,
  "fields": {
    "student": 99,
    "date": "2026-01-07",
    "status": "present",
    "remarks": "",
    "marked_by": [
      "akonray"
    ]
  }
},
{
  "model": "students.attendance",
  "pk": 39,
  "fields": {
    "student": 100,
    "date": "2026-01-07",
    "status": "present",
    "remarks": "",
    "marked_by": [
      "akonray"
    ]
  }
},
{
  "model": "students.attendance",
  "pk": 40,
  "fields": {
    "student": 98,
    "date": "2026-01-06",
    "status": "present",
    "remarks": "",
    "marked_by": [
      "akonray"
    ]
  }
},
{
  "model": "students.attendance",
  "pk": 41,
  "fields": {
    "student": 99,
    "date": "2026-01-06",
    "status": "present",
    "remarks": "",
    "marked_by": [
      "akonray"
    ]
  }
},
{
  "model": "students.attendance",
  "pk": 42,
  "fields": {
    "student": 100,
    "date": "2026-01-06",
    "status": "present",
    "remarks": "",
    "marked_by": [
      "akonray"
    ]
  }
},
{
  "model": "students.attendance",
  "pk": 43,
  "fields": {
    "student": 98,
    "date": "2026-01-05",
    "status": "present",
    "remarks": "",
    "marked_by": [
      "akonray"
    ]
  }
},
{
  "model": "students.attendance",
  "pk": 44,
  "fields": {
    "student": 99,
    "date": "2026-01-05",
    "status": "present",
    "remarks": "",
    "marked_by": [
      "akonray"
    ]
  }
},
{
  "model": "students.attendance",
  "pk": 45,
  "fields": {
    "student": 100,
    "date": "2026-01-05",
    "status": "present",
    "remarks": "",
    "marked_by": [
      "akonray"
    ]
  }
},
{
  "model": "students.attendance",
  "pk": 46,
  "fields": {
    "student": 98,
    "date": "2026-01-04",
    "status": "present",
    "remarks": "",
    "marked_by": [
      "akonray"
    ]
  }
},
{
  "model": "students.attendance",
  "pk": 47,
  "fields": {
    "student": 99,
    "date": "2026-01-04",
    "status": "present",
    "remarks": "",
    "marked_by": [
      "akonray"
    ]
  }
},
{
  "model": "students.attendance",
  "pk": 48,
  "fields": {
    "student": 100,
    "date": "2026-01-04",
    "status": "present",
    "remarks": "",
    "marked_by": [
      "akonray"
    ]
  }
},
{
  "model": "students.attendance",
  "pk": 49,
  "fields": {
    "student": 98,
    "date": "2026-01-03",
    "status": "present",
    "remarks": "",
    "marked_by": [
      "akonray"
    ]
  }
},
{
  "model": "students.attendance",
  "pk": 50,
  "fields": {
    "student": 99,
    "date": "2026-01-03",
    "status": "present",
    "remarks": "",
    "marked_by": [
      "akonray"
    ]
  }
},
{
  "model": "students.attendance",
  "pk": 51,
  "fields": {
    "student": 100,
    "date": "2026-01-03",
    "status": "present",
    "remarks": "",
    "marked_by": [
      "akonray"
    ]
  }
},
{
  "model": "students.attendance",
  "pk": 52,
  "fields": {
    "student": 98,
    "date": "2026-01-02",
    "status": "present",
    "remarks": "",
    "marked_by": [
      "akonray"
    ]
  }
},
{
  "model": "students.attendance",
  "pk": 53,
  "fields": {
    "student": 99,
    "date": "2026-01-02",
    "status": "present",
    "remarks": "",
    "marked_by": [
      "akonray"
    ]
  }
},
{
  "model": "students.attendance",
  "pk": 54,
  "fields": {
    "student": 100,
    "date": "2026-01-02",
    "status": "present",
    "remarks": "",
    "marked_by": [
      "akonray"
    ]
  }
},
{
  "model": "students.attendance",
  "pk": 55,
  "fields": {
    "student": 98,
    "date": "2026-01-01",
    "status": "absent",
    "remarks": "",
    "marked_by": [
      "akonray"
    ]
  }
},
{
  "model": "students.attendance",
  "pk": 56,
  "fields": {
    "student": 99,
    "date": "2026-01-01",
    "status": "absent",
    "remarks": "",
    "marked_by": [
      "akonray"
    ]
  }
},
{
  "model": "students.attendance",
  "pk": 57,
  "fields": {
    "student": 100,
    "date": "2026-01-01",
    "status": "absent",
    "remarks": "",
    "marked_by": [
      "akonray"
    ]
  }
},
{
  "model": "students.attendance",
  "pk": 58,
  "fields": {
    "student": 98,
    "date": "2025-12-31",
    "status": "absent",
    "remarks": "",
    "marked_by": [
      "akonray"
    ]
  }
},
{
  "model": "students.attendance",
  "pk": 59,
  "fields": {
    "student": 99,
    "date": "2025-12-31",
    "status": "absent",
    "remarks": "",
    "marked_by": [
      "akonray"
    ]
  }
},
{
  "model": "students.attendance",
  "pk": 60,
  "fields": {
    "student": 100,
    "date": "2025-12-31",
    "status": "absent",
    "remarks": "",
    "marked_by": [
      "akonray"
    ]
  }
},
{
  "model": "students.grade",
  "pk": 8,
  "fields": {
    "student": 9,
    "subject": 9,
    "academic_year": 2,
    "term": "first",
    "class_score": "9.60",
    "exams_score": "22.40",
    "total_score": "32.00",
    "grade": "9",
    "remarks": "Lowest",
    "subject_position": 6,
    "created_by": [
      "bnurudeen90"
    ],
    "created_at": "2026-01-08T15:40:08.332Z",
    "updated_at": "2026-01-08T15:40:08.332Z"
  }
},
{
  "model": "students.grade",
  "pk": 9,
  "fields": {
    "student": 10,
    "subject": 9,
    "academic_year": 2,
    "term": "first",
    "class_score": "10.80",
    "exams_score": "25.20",
    "total_score": "36.00",
    "grade": "9",
    "remarks": "Lowest",
    "subject_position": 2,
    "created_by": [
      "bnurudeen90"
    ],
    "created_at": "2026-01-08T15:40:13.791Z",
    "updated_at": "2026-01-08T15:40:13.791Z"
  }
},
{
  "model": "students.grade",
  "pk": 10,
  "fields": {
    "student": 11,
    "subject": 9,
    "academic_year": 2,
    "term": "first",
    "class_score": "8.70",
    "exams_score": "20.30",
    "total_score": "29.00",
    "grade": "9",
    "remarks": "Lowest",
    "subject_position": 9,
    "created_by": [
      "bnurudeen90"
    ],
    "created_at": "2026-01-08T15:40:13.824Z",
    "updated_at": "2026-01-08T15:40:13.824Z"
  }
},
{
  "model": "students.grade",
  "pk": 11,
  "fields": {
    "student": 12,
    "subject": 9,
    "academic_year": 2,
    "term": "first",
    "class_score": "9.00",
    "exams_score": "21.00",
    "total_score": "30.00",
    "grade": "9",
    "remarks": "Lowest",
    "subject_position": 8,
    "created_by": [
      "bnurudeen90"
    ],
    "created_at": "2026-01-08T15:40:13.875Z",
    "updated_at": "2026-01-08T15:40:13.875Z"
  }
},
{
  "model": "students.grade",
  "pk": 12,
  "fields": {
    "student": 13,
    "subject": 9,
    "academic_year": 2,
    "term": "first",
    "class_score": "10.80",
    "exams_score": "25.20",
    "total_score": "36.00",
    "grade": "9",
    "remarks": "Lowest",
    "subject_position": 2,
    "created_by": [
      "bnurudeen90"
    ],
    "created_at": "2026-01-08T15:40:13.912Z",
    "updated_at": "2026-01-08T15:40:13.912Z"
  }
},
{
  "model": "students.grade",
  "pk": 13,
  "fields": {
    "student": 14,
    "subject": 9,
    "academic_year": 2,
    "term": "first",
    "class_score": "8.10",
    "exams_score": "18.90",
    "total_score": "27.00",
    "grade": "9",
    "remarks": "Lowest",
    "subject_position": 11,
    "created_by": [
      "bnurudeen90"
    ],
    "created_at": "2026-01-08T15:40:13.957Z",
    "updated_at": "2026-01-08T15:40:13.957Z"
  }
},
{
  "model": "students.grade",
  "pk": 14,
  "fields": {
    "student": 15,
    "subject": 9,
    "academic_year": 2,
    "term": "first",
    "class_score": "8.40",
    "exams_score": "19.60",
    "total_score": "28.00",
    "grade": "9",
    "remarks": "Lowest",
    "subject_position": 10,
    "created_by": [
      "bnurudeen90"
    ],
    "created_at": "2026-01-08T15:40:14.013Z",
    "updated_at": "2026-01-08T15:40:14.013Z"
  }
},
{
  "model": "students.grade",
  "pk": 15,
  "fields": {
    "student": 16,
    "subject": 9,
    "academic_year": 2,
    "term": "first",
    "class_score": "9.90",
    "exams_score": "23.10",
    "total_score": "33.00",
    "grade": "9",
    "remarks": "Lowest",
    "subject_position": 5,
    "created_by": [
      "bnurudeen90"
    ],
    "created_at": "2026-01-08T15:40:14.056Z",
    "updated_at": "2026-01-08T15:40:14.056Z"
  }
},
{
  "model": "students.grade",
  "pk": 16,
  "fields": {
    "student": 17,
    "subject": 9,
    "academic_year": 2,
    "term": "first",
    "class_score": "9.90",
    "exams_score": "23.10",
    "total_score": "33.00",
    "grade": "9",
    "remarks": "Lowest",
    "subject_position": 5,
    "created_by": [
      "bnurudeen90"
    ],
    "created_at": "2026-01-08T15:40:14.101Z",
    "updated_at": "2026-01-08T15:40:14.101Z"
  }
},
{
  "model": "students.grade",
  "pk": 17,
  "fields": {
    "student": 18,
    "subject": 9,
    "academic_year": 2,
    "term": "first",
    "class_score": "12.00",
    "exams_score": "28.00",
    "total_score": "40.00",
    "grade": "8",
    "remarks": "Lower",
    "subject_position": 1,
    "created_by": [
      "bnurudeen90"
    ],
    "created_at": "2026-01-08T15:40:14.155Z",
    "updated_at": "2026-01-08T15:40:14.155Z"
  }
},
{
  "model": "students.grade",
  "pk": 18,
  "fields": {
    "student": 19,
    "subject": 9,
    "academic_year": 2,
    "term": "first",
    "class_score": "9.00",
    "exams_score": "21.00",
    "total_score": "30.00",
    "grade": "9",
    "remarks": "Lowest",
    "subject_position": 8,
    "created_by": [
      "bnurudeen90"
    ],
    "created_at": "2026-01-08T15:40:14.221Z",
    "updated_at": "2026-01-08T15:40:14.221Z"
  }
},
{
  "model": "students.grade",
  "pk": 19,
  "fields": {
    "student": 20,
    "subject": 9,
    "academic_year": 2,
    "term": "first",
    "class_score": "8.40",
    "exams_score": "19.60",
    "total_score": "28.00",
    "grade": "9",
    "remarks": "Lowest",
    "subject_position": 10,
    "created_by": [
      "bnurudeen90"
    ],
    "created_at": "2026-01-08T15:40:14.278Z",
    "updated_at": "2026-01-08T15:40:14.278Z"
  }
},
{
  "model": "students.grade",
  "pk": 20,
  "fields": {
    "student": 21,
    "subject": 9,
    "academic_year": 2,
    "term": "first",
    "class_score": "9.30",
    "exams_score": "21.70",
    "total_score": "31.00",
    "grade": "9",
    "remarks": "Lowest",
    "subject_position": 7,
    "created_by": [
      "bnurudeen90"
    ],
    "created_at": "2026-01-08T15:40:14.322Z",
    "updated_at": "2026-01-08T15:40:14.322Z"
  }
},
{
  "model": "students.grade",
  "pk": 21,
  "fields": {
    "student": 22,
    "subject": 9,
    "academic_year": 2,
    "term": "first",
    "class_score": "10.20",
    "exams_score": "23.80",
    "total_score": "34.00",
    "grade": "9",
    "remarks": "Lowest",
    "subject_position": 4,
    "created_by": [
      "bnurudeen90"
    ],
    "created_at": "2026-01-08T15:40:14.368Z",
    "updated_at": "2026-01-08T15:40:14.368Z"
  }
},
{
  "model": "students.grade",
  "pk": 22,
  "fields": {
    "student": 23,
    "subject": 9,
    "academic_year": 2,
    "term": "first",
    "class_score": "9.00",
    "exams_score": "21.00",
    "total_score": "30.00",
    "grade": "9",
    "remarks": "Lowest",
    "subject_position": 8,
    "created_by": [
      "bnurudeen90"
    ],
    "created_at": "2026-01-08T15:40:14.443Z",
    "updated_at": "2026-01-08T15:40:14.443Z"
  }
},
{
  "model": "students.grade",
  "pk": 23,
  "fields": {
    "student": 24,
    "subject": 9,
    "academic_year": 2,
    "term": "first",
    "class_score": "9.00",
    "exams_score": "21.00",
    "total_score": "30.00",
    "grade": "9",
    "remarks": "Lowest",
    "subject_position": 8,
    "created_by": [
      "bnurudeen90"
    ],
    "created_at": "2026-01-08T15:40:14.488Z",
    "updated_at": "2026-01-08T15:40:14.488Z"
  }
},
{
  "model": "students.grade",
  "pk": 24,
  "fields": {
    "student": 25,
    "subject": 9,
    "academic_year": 2,
    "term": "first",
    "class_score": "10.50",
    "exams_score": "24.50",
    "total_score": "35.00",
    "grade": "9",
    "remarks": "Lowest",
    "subject_position": 3,
    "created_by": [
      "bnurudeen90"
    ],
    "created_at": "2026-01-08T15:40:14.534Z",
    "updated_at": "2026-01-08T15:40:14.534Z"
  }
},
{
  "model": "students.grade",
  "pk": 25,
  "fields": {
    "student": 26,
    "subject": 9,
    "academic_year": 2,
    "term": "first",
    "class_score": "9.60",
    "exams_score": "22.40",
    "total_score": "32.00",
    "grade": "9",
    "remarks": "Lowest",
    "subject_position": 6,
    "created_by": [
      "bnurudeen90"
    ],
    "created_at": "2026-01-08T15:40:14.580Z",
    "updated_at": "2026-01-08T15:40:14.580Z"
  }
},
{
  "model": "students.grade",
  "pk": 26,
  "fields": {
    "student": 27,
    "subject": 9,
    "academic_year": 2,
    "term": "first",
    "class_score": "9.30",
    "exams_score": "21.70",
    "total_score": "31.00",
    "grade": "9",
    "remarks": "Lowest",
    "subject_position": 7,
    "created_by": [
      "bnurudeen90"
    ],
    "created_at": "2026-01-08T15:40:14.614Z",
    "updated_at": "2026-01-08T15:40:14.614Z"
  }
},
{
  "model": "students.grade",
  "pk": 27,
  "fields": {
    "student": 28,
    "subject": 9,
    "academic_year": 2,
    "term": "first",
    "class_score": "10.80",
    "exams_score": "25.20",
    "total_score": "36.00",
    "grade": "9",
    "remarks": "Lowest",
    "subject_position": 2,
    "created_by": [
      "bnurudeen90"
    ],
    "created_at": "2026-01-08T15:40:14.647Z",
    "updated_at": "2026-01-08T15:40:14.647Z"
  }
},
{
  "model": "students.grade",
  "pk": 28,
  "fields": {
    "student": 29,
    "subject": 9,
    "academic_year": 2,
    "term": "first",
    "class_score": "10.80",
    "exams_score": "25.20",
    "total_score": "36.00",
    "grade": "9",
    "remarks": "Lowest",
    "subject_position": 6,
    "created_by": [
      "bnurudeen90"
    ],
    "created_at": "2026-01-08T15:49:48.424Z",
    "updated_at": "2026-01-08T15:49:48.424Z"
  }
},
{
  "model": "students.grade",
  "pk": 29,
  "fields": {
    "student": 30,
    "subject": 9,
    "academic_year": 2,
    "term": "first",
    "class_score": "11.10",
    "exams_score": "25.90",
    "total_score": "37.00",
    "grade": "9",
    "remarks": "Lowest",
    "subject_position": 5,
    "created_by": [
      "bnurudeen90"
    ],
    "created_at": "2026-01-08T15:49:48.842Z",
    "updated_at": "2026-01-08T15:49:48.842Z"
  }
},
{
  "model": "students.grade",
  "pk": 30,
  "fields": {
    "student": 31,
    "subject": 9,
    "academic_year": 2,
    "term": "first",
    "class_score": "19.50",
    "exams_score": "45.50",
    "total_score": "65.00",
    "grade": "3",
    "remarks": "High",
    "subject_position": 1,
    "created_by": [
      "bnurudeen90"
    ],
    "created_at": "2026-01-08T15:49:48.895Z",
    "updated_at": "2026-01-08T15:49:48.895Z"
  }
},
{
  "model": "students.grade",
  "pk": 31,
  "fields": {
    "student": 32,
    "subject": 9,
    "academic_year": 2,
    "term": "first",
    "class_score": "18.90",
    "exams_score": "44.10",
    "total_score": "63.00",
    "grade": "4",
    "remarks": "High Average",
    "subject_position": 2,
    "created_by": [
      "bnurudeen90"
    ],
    "created_at": "2026-01-08T15:49:48.961Z",
    "updated_at": "2026-01-08T15:49:48.961Z"
  }
},
{
  "model": "students.grade",
  "pk": 32,
  "fields": {
    "student": 33,
    "subject": 9,
    "academic_year": 2,
    "term": "first",
    "class_score": "11.10",
    "exams_score": "25.90",
    "total_score": "37.00",
    "grade": "9",
    "remarks": "Lowest",
    "subject_position": 5,
    "created_by": [
      "bnurudeen90"
    ],
    "created_at": "2026-01-08T15:49:48.995Z",
    "updated_at": "2026-01-08T15:49:48.995Z"
  }
},
{
  "model": "students.grade",
  "pk": 33,
  "fields": {
    "student": 34,
    "subject": 9,
    "academic_year": 2,
    "term": "first",
    "class_score": "10.20",
    "exams_score": "23.80",
    "total_score": "34.00",
    "grade": "9",
    "remarks": "Lowest",
    "subject_position": 8,
    "created_by": [
      "bnurudeen90"
    ],
    "created_at": "2026-01-08T15:49:49.062Z",
    "updated_at": "2026-01-08T15:49:49.062Z"
  }
},
{
  "model": "students.grade",
  "pk": 34,
  "fields": {
    "student": 35,
    "subject": 9,
    "academic_year": 2,
    "term": "first",
    "class_score": "10.50",
    "exams_score": "24.50",
    "total_score": "35.00",
    "grade": "9",
    "remarks": "Lowest",
    "subject_position": 7,
    "created_by": [
      "bnurudeen90"
    ],
    "created_at": "2026-01-08T15:49:49.096Z",
    "updated_at": "2026-01-08T15:49:49.096Z"
  }
},
{
  "model": "students.grade",
  "pk": 35,
  "fields": {
    "student": 36,
    "subject": 9,
    "academic_year": 2,
    "term": "first",
    "class_score": "12.30",
    "exams_score": "28.70",
    "total_score": "41.00",
    "grade": "8",
    "remarks": "Lower",
    "subject_position": 3,
    "created_by": [
      "bnurudeen90"
    ],
    "created_at": "2026-01-08T15:49:49.128Z",
    "updated_at": "2026-01-08T15:49:49.128Z"
  }
},
{
  "model": "students.grade",
  "pk": 36,
  "fields": {
    "student": 37,
    "subject": 9,
    "academic_year": 2,
    "term": "first",
    "class_score": "10.50",
    "exams_score": "24.50",
    "total_score": "35.00",
    "grade": "9",
    "remarks": "Lowest",
    "subject_position": 7,
    "created_by": [
      "bnurudeen90"
    ],
    "created_at": "2026-01-08T15:49:49.183Z",
    "updated_at": "2026-01-08T15:49:49.183Z"
  }
},
{
  "model": "students.grade",
  "pk": 37,
  "fields": {
    "student": 38,
    "subject": 9,
    "academic_year": 2,
    "term": "first",
    "class_score": "11.40",
    "exams_score": "26.60",
    "total_score": "38.00",
    "grade": "9",
    "remarks": "Lowest",
    "subject_position": 4,
    "created_by": [
      "bnurudeen90"
    ],
    "created_at": "2026-01-08T15:49:49.217Z",
    "updated_at": "2026-01-08T15:49:49.217Z"
  }
},
{
  "model": "students.grade",
  "pk": 38,
  "fields": {
    "student": 39,
    "subject": 9,
    "academic_year": 2,
    "term": "first",
    "class_score": "10.20",
    "exams_score": "23.80",
    "total_score": "34.00",
    "grade": "9",
    "remarks": "Lowest",
    "subject_position": 8,
    "created_by": [
      "bnurudeen90"
    ],
    "created_at": "2026-01-08T15:49:49.248Z",
    "updated_at": "2026-01-08T15:49:49.248Z"
  }
},
{
  "model": "students.grade",
  "pk": 39,
  "fields": {
    "student": 40,
    "subject": 9,
    "academic_year": 2,
    "term": "first",
    "class_score": "9.60",
    "exams_score": "22.40",
    "total_score": "32.00",
    "grade": "9",
    "remarks": "Lowest",
    "subject_position": 10,
    "created_by": [
      "bnurudeen90"
    ],
    "created_at": "2026-01-08T15:49:49.283Z",
    "updated_at": "2026-01-08T15:49:49.283Z"
  }
},
{
  "model": "students.grade",
  "pk": 40,
  "fields": {
    "student": 41,
    "subject": 9,
    "academic_year": 2,
    "term": "first",
    "class_score": "6.90",
    "exams_score": "16.10",
    "total_score": "23.00",
    "grade": "9",
    "remarks": "Lowest",
    "subject_position": 12,
    "created_by": [
      "bnurudeen90"
    ],
    "created_at": "2026-01-08T15:49:49.317Z",
    "updated_at": "2026-01-08T15:49:49.317Z"
  }
},
{
  "model": "students.grade",
  "pk": 41,
  "fields": {
    "student": 42,
    "subject": 9,
    "academic_year": 2,
    "term": "first",
    "class_score": "9.90",
    "exams_score": "23.10",
    "total_score": "33.00",
    "grade": "9",
    "remarks": "Lowest",
    "subject_position": 9,
    "created_by": [
      "bnurudeen90"
    ],
    "created_at": "2026-01-08T15:49:49.362Z",
    "updated_at": "2026-01-08T15:49:49.362Z"
  }
},
{
  "model": "students.grade",
  "pk": 42,
  "fields": {
    "student": 43,
    "subject": 9,
    "academic_year": 2,
    "term": "first",
    "class_score": "8.40",
    "exams_score": "19.60",
    "total_score": "28.00",
    "grade": "9",
    "remarks": "Lowest",
    "subject_position": 11,
    "created_by": [
      "bnurudeen90"
    ],
    "created_at": "2026-01-08T15:49:49.417Z",
    "updated_at": "2026-01-08T15:49:49.417Z"
  }
},
{
  "model": "students.grade",
  "pk": 43,
  "fields": {
    "student": 98,
    "subject": 16,
    "academic_year": 1,
    "term": "first",
    "class_score": "25.00",
    "exams_score": "60.00",
    "total_score": "85.00",
    "grade": "1",
    "remarks": "Highest",
    "subject_position": 2,
    "created_by": null,
    "created_at": "2026-01-09T03:04:01.216Z",
    "updated_at": "2026-01-09T03:04:01.216Z"
  }
},
{
  "model": "students.grade",
  "pk": 44,
  "fields": {
    "student": 98,
    "subject": 17,
    "academic_year": 1,
    "term": "first",
    "class_score": "28.00",
    "exams_score": "65.00",
    "total_score": "93.00",
    "grade": "1",
    "remarks": "Highest",
    "subject_position": 2,
    "created_by": null,
    "created_at": "2026-01-09T03:04:01.256Z",
    "updated_at": "2026-01-09T03:04:01.256Z"
  }
},
{
  "model": "students.grade",
  "pk": 45,
  "fields": {
    "student": 98,
    "subject": 18,
    "academic_year": 1,
    "term": "first",
    "class_score": "22.00",
    "exams_score": "55.00",
    "total_score": "77.00",
    "grade": "2",
    "remarks": "Higher",
    "subject_position": 1,
    "created_by": null,
    "created_at": "2026-01-09T03:04:01.290Z",
    "updated_at": "2026-01-09T03:04:01.290Z"
  }
},
{
  "model": "students.grade",
  "pk": 46,
  "fields": {
    "student": 99,
    "subject": 16,
    "academic_year": 1,
    "term": "first",
    "class_score": "20.00",
    "exams_score": "50.00",
    "total_score": "70.00",
    "grade": "2",
    "remarks": "Higher",
    "subject_position": 3,
    "created_by": null,
    "created_at": "2026-01-09T03:04:01.359Z",
    "updated_at": "2026-01-09T03:04:01.359Z"
  }
},
{
  "model": "students.grade",
  "pk": 47,
  "fields": {
    "student": 99,
    "subject": 17,
    "academic_year": 1,
    "term": "first",
    "class_score": "23.00",
    "exams_score": "58.00",
    "total_score": "81.00",
    "grade": "1",
    "remarks": "Highest",
    "subject_position": 3,
    "created_by": null,
    "created_at": "2026-01-09T03:04:01.402Z",
    "updated_at": "2026-01-09T03:04:01.403Z"
  }
},
{
  "model": "students.grade",
  "pk": 48,
  "fields": {
    "student": 100,
    "subject": 16,
    "academic_year": 1,
    "term": "first",
    "class_score": "27.00",
    "exams_score": "68.00",
    "total_score": "95.00",
    "grade": "1",
    "remarks": "Highest",
    "subject_position": 1,
    "created_by": null,
    "created_at": "2026-01-09T03:04:01.435Z",
    "updated_at": "2026-01-09T03:04:01.435Z"
  }
},
{
  "model": "students.grade",
  "pk": 49,
  "fields": {
    "student": 100,
    "subject": 17,
    "academic_year": 1,
    "term": "first",
    "class_score": "29.00",
    "exams_score": "70.00",
    "total_score": "99.00",
    "grade": "1",
    "remarks": "Highest",
    "subject_position": 1,
    "created_by": null,
    "created_at": "2026-01-09T03:04:01.494Z",
    "updated_at": "2026-01-09T03:04:01.494Z"
  }
},
{
  "model": "teachers.teacher",
  "pk": 4,
  "fields": {
    "user": [
      "bnurudeen90"
    ],
    "employee_id": "T004",
    "date_of_birth": "1990-01-01",
    "date_of_joining": "2026-01-08",
    "qualification": "SCIENCE",
    "subjects": [
      9
    ]
  }
},
{
  "model": "teachers.teacher",
  "pk": 5,
  "fields": {
    "user": [
      "saaluu7"
    ],
    "employee_id": "T005",
    "date_of_birth": "1990-01-01",
    "date_of_joining": "2026-01-08",
    "qualification": "RME",
    "subjects": [
      10
    ]
  }
},
{
  "model": "teachers.teacher",
  "pk": 6,
  "fields": {
    "user": [
      "issahmuka1"
    ],
    "employee_id": "T006",
    "date_of_birth": "1990-01-01",
    "date_of_joining": "2026-01-08",
    "qualification": "",
    "subjects": [
      11
    ]
  }
},
{
  "model": "teachers.teacher",
  "pk": 7,
  "fields": {
    "user": [
      "aliduabdulwahab03"
    ],
    "employee_id": "T007",
    "date_of_birth": "1990-01-01",
    "date_of_joining": "2026-01-08",
    "qualification": "",
    "subjects": [
      12
    ]
  }
},
{
  "model": "teachers.teacher",
  "pk": 8,
  "fields": {
    "user": [
      "saakaadiata9"
    ],
    "employee_id": "T008",
    "date_of_birth": "1990-01-01",
    "date_of_joining": "2026-01-08",
    "qualification": "",
    "subjects": [
      12
    ]
  }
},
{
  "model": "teachers.teacher",
  "pk": 9,
  "fields": {
    "user": [
      "akonray"
    ],
    "employee_id": "T009",
    "date_of_birth": "1990-01-01",
    "date_of_joining": "2026-01-08",
    "qualification": "",
    "subjects": [
      13,
      14
    ]
  }
},
{
  "model": "teachers.teacher",
  "pk": 10,
  "fields": {
    "user": [
      "aduasamoahfaustina35"
    ],
    "employee_id": "T010",
    "date_of_birth": "1990-01-01",
    "date_of_joining": "2026-01-08",
    "qualification": "",
    "subjects": [
      13
    ]
  }
},
{
  "model": "teachers.teacher",
  "pk": 11,
  "fields": {
    "user": [
      "kunate98"
    ],
    "employee_id": "T011",
    "date_of_birth": "1990-01-01",
    "date_of_joining": "2026-01-08",
    "qualification": "",
    "subjects": [
      7,
      15
    ]
  }
},
{
  "model": "teachers.teacher",
  "pk": 12,
  "fields": {
    "user": [
      "teacher1"
    ],
    "employee_id": "T001",
    "date_of_birth": "1985-05-15",
    "date_of_joining": "2020-08-01",
    "qualification": "Mathematics & Science",
    "subjects": [
      16,
      18
    ]
  }
},
{
  "model": "teachers.teacher",
  "pk": 13,
  "fields": {
    "user": [
      "teacher2"
    ],
    "employee_id": "T002",
    "date_of_birth": "1985-05-15",
    "date_of_joining": "2020-08-01",
    "qualification": "English & Social Studies",
    "subjects": [
      17,
      19
    ]
  }
},
{
  "model": "teachers.teacher",
  "pk": 14,
  "fields": {
    "user": [
      "teacher3"
    ],
    "employee_id": "T003",
    "date_of_birth": "1985-05-15",
    "date_of_joining": "2020-08-01",
    "qualification": "ICT & Creative Arts",
    "subjects": [
      7,
      21
    ]
  }
},
{
  "model": "academics.academicyear",
  "pk": 1,
  "fields": {
    "name": "2024-2025",
    "start_date": "2024-09-01",
    "end_date": "2025-06-30",
    "is_current": false
  }
},
{
  "model": "academics.academicyear",
  "pk": 2,
  "fields": {
    "name": "2025-2026",
    "start_date": "2025-09-01",
    "end_date": "2026-06-30",
    "is_current": true
  }
},
{
  "model": "academics.class",
  "pk": 6,
  "fields": {
    "name": "Basic 7",
    "academic_year": 2,
    "class_teacher": 4
  }
},
{
  "model": "academics.class",
  "pk": 7,
  "fields": {
    "name": "Basic 8",
    "academic_year": 2,
    "class_teacher": 9
  }
},
{
  "model": "academics.class",
  "pk": 8,
  "fields": {
    "name": "Basic 9",
    "academic_year": 2,
    "class_teacher": 11
  }
},
{
  "model": "academics.class",
  "pk": 9,
  "fields": {
    "name": "JHS 1A",
    "academic_year": 1,
    "class_teacher": null
  }
},
{
  "model": "academics.class",
  "pk": 10,
  "fields": {
    "name": "JHS 1B",
    "academic_year": 1,
    "class_teacher": null
  }
},
{
  "model": "academics.class",
  "pk": 11,
  "fields": {
    "name": "JHS 2A",
    "academic_year": 1,
    "class_teacher": null
  }
},
{
  "model": "academics.class",
  "pk": 12,
  "fields": {
    "name": "JHS 2B",
    "academic_year": 1,
    "class_teacher": null
  }
},
{
  "model": "academics.class",
  "pk": 13,
  "fields": {
    "name": "JHS 3A",
    "academic_year": 1,
    "class_teacher": null
  }
},
{
  "model": "academics.activity",
  "pk": 1,
  "fields": {
    "title": "STEM Makers Fair",
    "summary": "Robotics, circuits, and coding demos led by Basic 9 tech club.",
    "date": "2026-01-18",
    "tag": "Innovation",
    "is_active": true,
    "created_by": [
      "akonray"
    ],
    "created_at": "2026-01-08T17:31:11.995Z",
    "updated_at": "2026-01-08T17:31:17.321Z",
    "assigned_staff": [
      [
        "akonray"
      ]
    ]
  }
},
{
  "model": "academics.activity",
  "pk": 2,
  "fields": {
    "title": "Cultural Day Showcase",
    "summary": "Performances and exhibits celebrating local heritage and arts.",
    "date": "2026-01-24",
    "tag": "Community",
    "is_active": true,
    "created_by": [
      "akonray"
    ],
    "created_at": "2026-01-08T17:31:17.353Z",
    "updated_at": "2026-01-08T17:31:17.413Z",
    "assigned_staff": [
      [
        "akonray"
      ]
    ]
  }
},
{
  "model": "academics.activity",
  "pk": 3,
  "fields": {
    "title": "Reading Marathon",
    "summary": "Whole-school literacy sprint with parent volunteers and prizes.",
    "date": "2026-02-02",
    "tag": "Academics",
    "is_active": true,
    "created_by": [
      "akonray"
    ],
    "created_at": "2026-01-08T17:31:17.431Z",
    "updated_at": "2026-01-08T17:31:17.487Z",
    "assigned_staff": [
      [
        "akonray"
      ]
    ]
  }
},
{
  "model": "academics.activity",
  "pk": 4,
  "fields": {
    "title": "Girls Reading Circle",
    "summary": "Reading practice led by volunteers.",
    "date": "2026-01-28",
    "tag": "Clubs",
    "is_active": true,
    "created_by": [
      "akonray"
    ],
    "created_at": "2026-01-08T17:31:17.516Z",
    "updated_at": "2026-01-09T09:01:36.783Z",
    "assigned_staff": [
      [
        "akonray"
      ]
    ]
  }
},
{
  "model": "academics.subject",
  "pk": 7,
  "fields": {
    "name": "ICT",
    "code": "ICT",
    "description": ""
  }
},
{
  "model": "academics.subject",
  "pk": 9,
  "fields": {
    "name": "Integrated Science",
    "code": "INTEGRATED",
    "description": ""
  }
},
{
  "model": "academics.subject",
  "pk": 10,
  "fields": {
    "name": "Religious & Moral Education",
    "code": "RELIGIOUSM",
    "description": ""
  }
},
{
  "model": "academics.subject",
  "pk": 11,
  "fields": {
    "name": "Career Technology",
    "code": "CAREERTECH",
    "description": ""
  }
},
{
  "model": "academics.subject",
  "pk": 12,
  "fields": {
    "name": "English Language",
    "code": "ENGLISHLAN",
    "description": ""
  }
},
{
  "model": "academics.subject",
  "pk": 13,
  "fields": {
    "name": "Creative Arts",
    "code": "CREATIVEAR",
    "description": ""
  }
},
{
  "model": "academics.subject",
  "pk": 14,
  "fields": {
    "name": "Mathematics",
    "code": "MATHEMATIC",
    "description": ""
  }
},
{
  "model": "academics.subject",
  "pk": 15,
  "fields": {
    "name": "Gonja",
    "code": "GONJA",
    "description": ""
  }
},
{
  "model": "academics.subject",
  "pk": 16,
  "fields": {
    "name": "Mathematics",
    "code": "MATH",
    "description": ""
  }
},
{
  "model": "academics.subject",
  "pk": 17,
  "fields": {
    "name": "English Language",
    "code": "ENG",
    "description": ""
  }
},
{
  "model": "academics.subject",
  "pk": 18,
  "fields": {
    "name": "Integrated Science",
    "code": "SCI",
    "description": ""
  }
},
{
  "model": "academics.subject",
  "pk": 19,
  "fields": {
    "name": "Social Studies",
    "code": "SOC",
    "description": ""
  }
},
{
  "model": "academics.subject",
  "pk": 20,
  "fields": {
    "name": "Religious & Moral Education",
    "code": "RME",
    "description": ""
  }
},
{
  "model": "academics.subject",
  "pk": 21,
  "fields": {
    "name": "Creative Arts",
    "code": "CCA",
    "description": ""
  }
},
{
  "model": "academics.subject",
  "pk": 22,
  "fields": {
    "name": "Physical Education",
    "code": "PHE",
    "description": ""
  }
},
{
  "model": "academics.classsubject",
  "pk": 7,
  "fields": {
    "class_name": 6,
    "subject": 14,
    "teacher": 9
  }
},
{
  "model": "academics.classsubject",
  "pk": 8,
  "fields": {
    "class_name": 6,
    "subject": 12,
    "teacher": 7
  }
},
{
  "model": "academics.classsubject",
  "pk": 9,
  "fields": {
    "class_name": 6,
    "subject": 9,
    "teacher": 4
  }
},
{
  "model": "academics.classsubject",
  "pk": 10,
  "fields": {
    "class_name": 6,
    "subject": 10,
    "teacher": 5
  }
},
{
  "model": "academics.classsubject",
  "pk": 11,
  "fields": {
    "class_name": 6,
    "subject": 13,
    "teacher": 9
  }
},
{
  "model": "academics.classsubject",
  "pk": 12,
  "fields": {
    "class_name": 6,
    "subject": 11,
    "teacher": 6
  }
},
{
  "model": "academics.classsubject",
  "pk": 13,
  "fields": {
    "class_name": 6,
    "subject": 7,
    "teacher": 11
  }
},
{
  "model": "academics.classsubject",
  "pk": 14,
  "fields": {
    "class_name": 6,
    "subject": 15,
    "teacher": 11
  }
},
{
  "model": "academics.classsubject",
  "pk": 15,
  "fields": {
    "class_name": 7,
    "subject": 14,
    "teacher": 9
  }
},
{
  "model": "academics.classsubject",
  "pk": 16,
  "fields": {
    "class_name": 7,
    "subject": 12,
    "teacher": 7
  }
},
{
  "model": "academics.classsubject",
  "pk": 17,
  "fields": {
    "class_name": 7,
    "subject": 9,
    "teacher": 4
  }
},
{
  "model": "academics.classsubject",
  "pk": 18,
  "fields": {
    "class_name": 7,
    "subject": 10,
    "teacher": 5
  }
},
{
  "model": "academics.classsubject",
  "pk": 19,
  "fields": {
    "class_name": 7,
    "subject": 13,
    "teacher": 9
  }
},
{
  "model": "academics.classsubject",
  "pk": 20,
  "fields": {
    "class_name": 7,
    "subject": 11,
    "teacher": 6
  }
},
{
  "model": "academics.classsubject",
  "pk": 21,
  "fields": {
    "class_name": 7,
    "subject": 7,
    "teacher": 11
  }
},
{
  "model": "academics.classsubject",
  "pk": 22,
  "fields": {
    "class_name": 7,
    "subject": 15,
    "teacher": 11
  }
},
{
  "model": "academics.classsubject",
  "pk": 23,
  "fields": {
    "class_name": 8,
    "subject": 14,
    "teacher": 9
  }
},
{
  "model": "academics.classsubject",
  "pk": 24,
  "fields": {
    "class_name": 8,
    "subject": 12,
    "teacher": 7
  }
},
{
  "model": "academics.classsubject",
  "pk": 25,
  "fields": {
    "class_name": 8,
    "subject": 9,
    "teacher": 4
  }
},
{
  "model": "academics.classsubject",
  "pk": 26,
  "fields": {
    "class_name": 8,
    "subject": 10,
    "teacher": 5
  }
},
{
  "model": "academics.classsubject",
  "pk": 27,
  "fields": {
    "class_name": 8,
    "subject": 13,
    "teacher": 9
  }
},
{
  "model": "academics.classsubject",
  "pk": 28,
  "fields": {
    "class_name": 8,
    "subject": 11,
    "teacher": 6
  }
},
{
  "model": "academics.classsubject",
  "pk": 29,
  "fields": {
    "class_name": 8,
    "subject": 7,
    "teacher": 11
  }
},
{
  "model": "academics.classsubject",
  "pk": 30,
  "fields": {
    "class_name": 8,
    "subject": 15,
    "teacher": 11
  }
},
{
  "model": "academics.classsubject",
  "pk": 31,
  "fields": {
    "class_name": 9,
    "subject": 16,
    "teacher": 12
  }
},
{
  "model": "academics.classsubject",
  "pk": 32,
  "fields": {
    "class_name": 9,
    "subject": 17,
    "teacher": 13
  }
},
{
  "model": "academics.classsubject",
  "pk": 33,
  "fields": {
    "class_name": 9,
    "subject": 18,
    "teacher": 12
  }
},
{
  "model": "academics.classsubject",
  "pk": 34,
  "fields": {
    "class_name": 10,
    "subject": 16,
    "teacher": 12
  }
},
{
  "model": "academics.classsubject",
  "pk": 35,
  "fields": {
    "class_name": 10,
    "subject": 17,
    "teacher": 13
  }
},
{
  "model": "academics.classsubject",
  "pk": 36,
  "fields": {
    "class_name": 11,
    "subject": 7,
    "teacher": 14
  }
},
{
  "model": "academics.timetable",
  "pk": 1,
  "fields": {
    "class_subject": 24,
    "day": 0,
    "start_time": "08:00:00",
    "end_time": "09:00:00",
    "room": "Room 104"
  }
},
{
  "model": "academics.timetable",
  "pk": 2,
  "fields": {
    "class_subject": 28,
    "day": 0,
    "start_time": "09:00:00",
    "end_time": "10:00:00",
    "room": "Library"
  }
},
{
  "model": "academics.timetable",
  "pk": 3,
  "fields": {
    "class_subject": 26,
    "day": 0,
    "start_time": "10:30:00",
    "end_time": "11:30:00",
    "room": "Room 104"
  }
},
{
  "model": "academics.timetable",
  "pk": 4,
  "fields": {
    "class_subject": 27,
    "day": 0,
    "start_time": "13:30:00",
    "end_time": "14:30:00",
    "room": "Room 103"
  }
},
{
  "model": "academics.timetable",
  "pk": 5,
  "fields": {
    "class_subject": 23,
    "day": 0,
    "start_time": "11:30:00",
    "end_time": "12:30:00",
    "room": "Library"
  }
},
{
  "model": "academics.timetable",
  "pk": 6,
  "fields": {
    "class_subject": 28,
    "day": 1,
    "start_time": "08:00:00",
    "end_time": "09:00:00",
    "room": "Room 103"
  }
},
{
  "model": "academics.timetable",
  "pk": 7,
  "fields": {
    "class_subject": 23,
    "day": 1,
    "start_time": "10:30:00",
    "end_time": "11:30:00",
    "room": "Room 104"
  }
},
{
  "model": "academics.timetable",
  "pk": 8,
  "fields": {
    "class_subject": 24,
    "day": 1,
    "start_time": "13:30:00",
    "end_time": "14:30:00",
    "room": "Room 104"
  }
},
{
  "model": "academics.timetable",
  "pk": 9,
  "fields": {
    "class_subject": 29,
    "day": 1,
    "start_time": "09:00:00",
    "end_time": "10:00:00",
    "room": "Science Lab"
  }
},
{
  "model": "academics.timetable",
  "pk": 10,
  "fields": {
    "class_subject": 26,
    "day": 1,
    "start_time": "11:30:00",
    "end_time": "12:30:00",
    "room": "Room 101"
  }
},
{
  "model": "academics.timetable",
  "pk": 11,
  "fields": {
    "class_subject": 27,
    "day": 2,
    "start_time": "13:30:00",
    "end_time": "14:30:00",
    "room": "Science Lab"
  }
},
{
  "model": "academics.timetable",
  "pk": 12,
  "fields": {
    "class_subject": 23,
    "day": 2,
    "start_time": "11:30:00",
    "end_time": "12:30:00",
    "room": "Room 103"
  }
},
{
  "model": "academics.timetable",
  "pk": 13,
  "fields": {
    "class_subject": 25,
    "day": 2,
    "start_time": "09:00:00",
    "end_time": "10:00:00",
    "room": "Room 104"
  }
},
{
  "model": "academics.timetable",
  "pk": 14,
  "fields": {
    "class_subject": 26,
    "day": 2,
    "start_time": "10:30:00",
    "end_time": "11:30:00",
    "room": "Room 103"
  }
},
{
  "model": "academics.timetable",
  "pk": 15,
  "fields": {
    "class_subject": 28,
    "day": 2,
    "start_time": "08:00:00",
    "end_time": "09:00:00",
    "room": "Room 102"
  }
},
{
  "model": "academics.timetable",
  "pk": 16,
  "fields": {
    "class_subject": 30,
    "day": 3,
    "start_time": "10:30:00",
    "end_time": "11:30:00",
    "room": "Room 103"
  }
},
{
  "model": "academics.timetable",
  "pk": 17,
  "fields": {
    "class_subject": 29,
    "day": 3,
    "start_time": "09:00:00",
    "end_time": "10:00:00",
    "room": "Room 104"
  }
},
{
  "model": "academics.timetable",
  "pk": 18,
  "fields": {
    "class_subject": 27,
    "day": 3,
    "start_time": "11:30:00",
    "end_time": "12:30:00",
    "room": "Room 103"
  }
},
{
  "model": "academics.timetable",
  "pk": 19,
  "fields": {
    "class_subject": 25,
    "day": 3,
    "start_time": "13:30:00",
    "end_time": "14:30:00",
    "room": "Science Lab"
  }
},
{
  "model": "academics.timetable",
  "pk": 20,
  "fields": {
    "class_subject": 26,
    "day": 3,
    "start_time": "08:00:00",
    "end_time": "09:00:00",
    "room": "Room 103"
  }
},
{
  "model": "academics.timetable",
  "pk": 21,
  "fields": {
    "class_subject": 27,
    "day": 4,
    "start_time": "08:00:00",
    "end_time": "09:00:00",
    "room": "Room 103"
  }
},
{
  "model": "academics.timetable",
  "pk": 22,
  "fields": {
    "class_subject": 30,
    "day": 4,
    "start_time": "11:30:00",
    "end_time": "12:30:00",
    "room": "Room 102"
  }
},
{
  "model": "academics.timetable",
  "pk": 23,
  "fields": {
    "class_subject": 24,
    "day": 4,
    "start_time": "13:30:00",
    "end_time": "14:30:00",
    "room": "Room 103"
  }
},
{
  "model": "academics.timetable",
  "pk": 24,
  "fields": {
    "class_subject": 26,
    "day": 4,
    "start_time": "10:30:00",
    "end_time": "11:30:00",
    "room": "Room 102"
  }
},
{
  "model": "academics.timetable",
  "pk": 25,
  "fields": {
    "class_subject": 29,
    "day": 4,
    "start_time": "09:00:00",
    "end_time": "10:00:00",
    "room": "Library"
  }
},
{
  "model": "academics.timetable",
  "pk": 26,
  "fields": {
    "class_subject": 7,
    "day": 0,
    "start_time": "11:30:00",
    "end_time": "12:30:00",
    "room": "Room 101"
  }
},
{
  "model": "academics.timetable",
  "pk": 27,
  "fields": {
    "class_subject": 8,
    "day": 0,
    "start_time": "13:30:00",
    "end_time": "14:30:00",
    "room": "Room 102"
  }
},
{
  "model": "academics.timetable",
  "pk": 28,
  "fields": {
    "class_subject": 9,
    "day": 0,
    "start_time": "09:00:00",
    "end_time": "10:00:00",
    "room": "Room 101"
  }
},
{
  "model": "academics.timetable",
  "pk": 29,
  "fields": {
    "class_subject": 12,
    "day": 0,
    "start_time": "10:30:00",
    "end_time": "11:30:00",
    "room": "Science Lab"
  }
},
{
  "model": "academics.timetable",
  "pk": 30,
  "fields": {
    "class_subject": 14,
    "day": 0,
    "start_time": "08:00:00",
    "end_time": "09:00:00",
    "room": "Room 103"
  }
},
{
  "model": "academics.timetable",
  "pk": 31,
  "fields": {
    "class_subject": 11,
    "day": 1,
    "start_time": "13:30:00",
    "end_time": "14:30:00",
    "room": "Room 103"
  }
},
{
  "model": "academics.timetable",
  "pk": 32,
  "fields": {
    "class_subject": 12,
    "day": 1,
    "start_time": "09:00:00",
    "end_time": "10:00:00",
    "room": "Room 104"
  }
},
{
  "model": "academics.timetable",
  "pk": 33,
  "fields": {
    "class_subject": 13,
    "day": 1,
    "start_time": "10:30:00",
    "end_time": "11:30:00",
    "room": "Library"
  }
},
{
  "model": "academics.timetable",
  "pk": 34,
  "fields": {
    "class_subject": 14,
    "day": 1,
    "start_time": "08:00:00",
    "end_time": "09:00:00",
    "room": "Science Lab"
  }
},
{
  "model": "academics.timetable",
  "pk": 35,
  "fields": {
    "class_subject": 7,
    "day": 1,
    "start_time": "11:30:00",
    "end_time": "12:30:00",
    "room": "Library"
  }
},
{
  "model": "academics.timetable",
  "pk": 36,
  "fields": {
    "class_subject": 12,
    "day": 2,
    "start_time": "11:30:00",
    "end_time": "12:30:00",
    "room": "Room 103"
  }
},
{
  "model": "academics.timetable",
  "pk": 37,
  "fields": {
    "class_subject": 9,
    "day": 2,
    "start_time": "09:00:00",
    "end_time": "10:00:00",
    "room": "Room 101"
  }
},
{
  "model": "academics.timetable",
  "pk": 38,
  "fields": {
    "class_subject": 8,
    "day": 2,
    "start_time": "08:00:00",
    "end_time": "09:00:00",
    "room": "Science Lab"
  }
},
{
  "model": "academics.timetable",
  "pk": 39,
  "fields": {
    "class_subject": 7,
    "day": 2,
    "start_time": "13:30:00",
    "end_time": "14:30:00",
    "room": "Room 103"
  }
},
{
  "model": "academics.timetable",
  "pk": 40,
  "fields": {
    "class_subject": 14,
    "day": 2,
    "start_time": "10:30:00",
    "end_time": "11:30:00",
    "room": "Science Lab"
  }
},
{
  "model": "academics.timetable",
  "pk": 41,
  "fields": {
    "class_subject": 7,
    "day": 3,
    "start_time": "09:00:00",
    "end_time": "10:00:00",
    "room": "Room 104"
  }
},
{
  "model": "academics.timetable",
  "pk": 42,
  "fields": {
    "class_subject": 12,
    "day": 3,
    "start_time": "13:30:00",
    "end_time": "14:30:00",
    "room": "Room 101"
  }
},
{
  "model": "academics.timetable",
  "pk": 43,
  "fields": {
    "class_subject": 13,
    "day": 3,
    "start_time": "10:30:00",
    "end_time": "11:30:00",
    "room": "Room 102"
  }
},
{
  "model": "academics.timetable",
  "pk": 44,
  "fields": {
    "class_subject": 11,
    "day": 3,
    "start_time": "11:30:00",
    "end_time": "12:30:00",
    "room": "Room 103"
  }
},
{
  "model": "academics.timetable",
  "pk": 45,
  "fields": {
    "class_subject": 10,
    "day": 3,
    "start_time": "08:00:00",
    "end_time": "09:00:00",
    "room": "Room 102"
  }
},
{
  "model": "academics.timetable",
  "pk": 46,
  "fields": {
    "class_subject": 12,
    "day": 4,
    "start_time": "10:30:00",
    "end_time": "11:30:00",
    "room": "Room 103"
  }
},
{
  "model": "academics.timetable",
  "pk": 47,
  "fields": {
    "class_subject": 14,
    "day": 4,
    "start_time": "09:00:00",
    "end_time": "10:00:00",
    "room": "Library"
  }
},
{
  "model": "academics.timetable",
  "pk": 48,
  "fields": {
    "class_subject": 11,
    "day": 4,
    "start_time": "13:30:00",
    "end_time": "14:30:00",
    "room": "Room 101"
  }
},
{
  "model": "academics.timetable",
  "pk": 49,
  "fields": {
    "class_subject": 8,
    "day": 4,
    "start_time": "11:30:00",
    "end_time": "12:30:00",
    "room": "Room 102"
  }
},
{
  "model": "academics.timetable",
  "pk": 50,
  "fields": {
    "class_subject": 10,
    "day": 4,
    "start_time": "08:00:00",
    "end_time": "09:00:00",
    "room": "Room 101"
  }
},
{
  "model": "academics.timetable",
  "pk": 51,
  "fields": {
    "class_subject": 22,
    "day": 0,
    "start_time": "11:30:00",
    "end_time": "12:30:00",
    "room": "Science Lab"
  }
},
{
  "model": "academics.timetable",
  "pk": 52,
  "fields": {
    "class_subject": 15,
    "day": 0,
    "start_time": "09:00:00",
    "end_time": "10:00:00",
    "room": "Science Lab"
  }
},
{
  "model": "academics.timetable",
  "pk": 53,
  "fields": {
    "class_subject": 16,
    "day": 0,
    "start_time": "10:30:00",
    "end_time": "11:30:00",
    "room": "Room 101"
  }
},
{
  "model": "academics.timetable",
  "pk": 54,
  "fields": {
    "class_subject": 21,
    "day": 0,
    "start_time": "08:00:00",
    "end_time": "09:00:00",
    "room": "Room 102"
  }
},
{
  "model": "academics.timetable",
  "pk": 55,
  "fields": {
    "class_subject": 20,
    "day": 0,
    "start_time": "13:30:00",
    "end_time": "14:30:00",
    "room": "Room 102"
  }
},
{
  "model": "academics.timetable",
  "pk": 56,
  "fields": {
    "class_subject": 15,
    "day": 1,
    "start_time": "08:00:00",
    "end_time": "09:00:00",
    "room": "Library"
  }
},
{
  "model": "academics.timetable",
  "pk": 57,
  "fields": {
    "class_subject": 22,
    "day": 1,
    "start_time": "10:30:00",
    "end_time": "11:30:00",
    "room": "Library"
  }
},
{
  "model": "academics.timetable",
  "pk": 58,
  "fields": {
    "class_subject": 19,
    "day": 1,
    "start_time": "11:30:00",
    "end_time": "12:30:00",
    "room": "Room 101"
  }
},
{
  "model": "academics.timetable",
  "pk": 59,
  "fields": {
    "class_subject": 17,
    "day": 1,
    "start_time": "09:00:00",
    "end_time": "10:00:00",
    "room": "Library"
  }
},
{
  "model": "academics.timetable",
  "pk": 60,
  "fields": {
    "class_subject": 20,
    "day": 1,
    "start_time": "13:30:00",
    "end_time": "14:30:00",
    "room": "Science Lab"
  }
},
{
  "model": "academics.timetable",
  "pk": 61,
  "fields": {
    "class_subject": 20,
    "day": 2,
    "start_time": "10:30:00",
    "end_time": "11:30:00",
    "room": "Room 101"
  }
},
{
  "model": "academics.timetable",
  "pk": 62,
  "fields": {
    "class_subject": 21,
    "day": 2,
    "start_time": "13:30:00",
    "end_time": "14:30:00",
    "room": "Library"
  }
},
{
  "model": "academics.timetable",
  "pk": 63,
  "fields": {
    "class_subject": 17,
    "day": 2,
    "start_time": "09:00:00",
    "end_time": "10:00:00",
    "room": "Room 104"
  }
},
{
  "model": "academics.timetable",
  "pk": 64,
  "fields": {
    "class_subject": 18,
    "day": 2,
    "start_time": "11:30:00",
    "end_time": "12:30:00",
    "room": "Room 102"
  }
},
{
  "model": "academics.timetable",
  "pk": 65,
  "fields": {
    "class_subject": 19,
    "day": 2,
    "start_time": "08:00:00",
    "end_time": "09:00:00",
    "room": "Room 104"
  }
},
{
  "model": "academics.timetable",
  "pk": 66,
  "fields": {
    "class_subject": 17,
    "day": 3,
    "start_time": "11:30:00",
    "end_time": "12:30:00",
    "room": "Room 102"
  }
},
{
  "model": "academics.timetable",
  "pk": 67,
  "fields": {
    "class_subject": 21,
    "day": 3,
    "start_time": "09:00:00",
    "end_time": "10:00:00",
    "room": "Room 102"
  }
},
{
  "model": "academics.timetable",
  "pk": 68,
  "fields": {
    "class_subject": 18,
    "day": 3,
    "start_time": "08:00:00",
    "end_time": "09:00:00",
    "room": "Room 102"
  }
},
{
  "model": "academics.timetable",
  "pk": 69,
  "fields": {
    "class_subject": 22,
    "day": 3,
    "start_time": "13:30:00",
    "end_time": "14:30:00",
    "room": "Room 103"
  }
},
{
  "model": "academics.timetable",
  "pk": 70,
  "fields": {
    "class_subject": 19,
    "day": 3,
    "start_time": "10:30:00",
    "end_time": "11:30:00",
    "room": "Room 104"
  }
},
{
  "model": "academics.timetable",
  "pk": 71,
  "fields": {
    "class_subject": 17,
    "day": 4,
    "start_time": "10:30:00",
    "end_time": "11:30:00",
    "room": "Room 101"
  }
},
{
  "model": "academics.timetable",
  "pk": 72,
  "fields": {
    "class_subject": 16,
    "day": 4,
    "start_time": "11:30:00",
    "end_time": "12:30:00",
    "room": "Room 104"
  }
},
{
  "model": "academics.timetable",
  "pk": 73,
  "fields": {
    "class_subject": 21,
    "day": 4,
    "start_time": "08:00:00",
    "end_time": "09:00:00",
    "room": "Room 103"
  }
},
{
  "model": "academics.timetable",
  "pk": 74,
  "fields": {
    "class_subject": 19,
    "day": 4,
    "start_time": "09:00:00",
    "end_time": "10:00:00",
    "room": "Room 104"
  }
},
{
  "model": "academics.timetable",
  "pk": 75,
  "fields": {
    "class_subject": 18,
    "day": 4,
    "start_time": "13:30:00",
    "end_time": "14:30:00",
    "room": "Room 102"
  }
},
{
  "model": "parents.parent",
  "pk": 1,
  "fields": {
    "user": [
      "parent1"
    ],
    "relation": "father",
    "occupation": "Business Person",
    "children": [
      98
    ]
  }
},
{
  "model": "parents.parent",
  "pk": 2,
  "fields": {
    "user": [
      "parent2"
    ],
    "relation": "mother",
    "occupation": "Business Person",
    "children": [
      99
    ]
  }
},
{
  "model": "parents.parent",
  "pk": 3,
  "fields": {
    "user": [
      "parent3"
    ],
    "relation": "father",
    "occupation": "Business Person",
    "children": [
      100
    ]
  }
}
]
